Date,Symbols,Close,High,Low,Open,Volume
2023-12-29,BABA,77.51,77.635,76.82,77.06,14094635
2023-12-29,ETSY,81.05,82.6494,80.72,81.57,2397080
2023-12-29,SWK,98.1,99.1,97.8,98.66,769662
2023-12-29,APPN,37.66,38.9772,37.55,38.66,288333
2023-12-29,W,61.7,65.26,61.37,64.65,2637987
2023-12-29,SNAP,16.93,17.21,16.83,17.03,16693464
2023-12-28,BABA,77.24,77.79,76.98,77.23,18937893
2023-12-28,ETSY,81.92,82.48,80.5601,81.75,2121780
2023-12-28,SWK,99.1,99.34,98.0,98.37,519014
2023-12-28,APPN,38.87,39.57,38.61,38.76,241287
2023-12-28,W,64.12,64.8,63.14,64.45,1822082
2023-12-28,SNAP,17.05,17.2,16.82,16.92,13845160
2023-12-27,BABA,76.11,76.45,75.41,76.28,14904479
2023-12-27,ETSY,82.39,83.31,80.9702,82.59,2324533
2023-12-27,SWK,98.73,99.125,98.21,99.01,555079
2023-12-27,APPN,39.0,40.0,38.64,39.79,292723
2023-12-27,W,64.41,66.96,64.1925,65.41,1850313
2023-12-27,SNAP,16.95,16.99,16.68,16.73,15975366
2023-12-26,BABA,75.85,76.9687,75.73,76.16,13121280
2023-12-26,ETSY,82.59,85.22,82.44,85.0,2356261
2023-12-26,SWK,98.81,99.28,97.741,98.15,843508
2023-12-26,APPN,39.67,39.81,39.2692,39.54,192073
2023-12-26,W,64.82,67.5276,64.81,67.24,2192037
2023-12-26,SNAP,16.78,17.1,16.68,17.06,13944254
2023-12-22,BABA,75.28,75.68,74.44,74.5,20004348
2023-12-22,ETSY,84.95,86.285,84.78,84.98,1908612
2023-12-22,SWK,98.16,98.98,97.0,97.31,984265
2023-12-22,APPN,39.66,40.53,39.22,40.18,308235
2023-12-22,W,67.11,69.6603,65.84,68.18,2800501
2023-12-22,SNAP,17.05,17.32,16.89,17.2,21576677
2023-12-21,BABA,76.26,76.29,74.35,74.86,20812090
2023-12-21,ETSY,85.24,86.26,83.87,85.18,2663548
2023-12-21,SWK,96.92,97.94,95.95,97.61,1338098
2023-12-21,APPN,40.03,40.15,37.8041,38.4,736363
2023-12-21,W,68.17,68.38,65.62,66.8,3429265
2023-12-21,SNAP,17.23,17.29,16.7,16.94,34281572
2023-12-20,BABA,73.35,75.295,73.33,74.58,27540228
2023-12-20,ETSY,83.59,87.2,83.38,87.0,4466844
2023-12-20,SWK,96.15,98.77,95.94,97.16,1262754
2023-12-20,APPN,37.95,39.895,37.895,38.94,491124
2023-12-20,W,64.7,68.22,64.67,65.85,3282845
2023-12-20,SNAP,16.6,17.3,16.59,16.98,28279678
2023-12-19,BABA,75.39,76.01,74.22,74.4,20939297
2023-12-19,ETSY,87.03,89.58,84.91,85.09,6162457
2023-12-19,SWK,97.1,98.45,96.62,98.09,1126558
2023-12-19,APPN,39.08,40.4,38.905,39.15,508277
2023-12-19,W,66.72,67.04,63.81,63.98,4752744
2023-12-19,SNAP,17.18,17.255,16.17,16.54,52580594
2023-12-18,BABA,73.84,74.23,73.21,74.05,17233510
2023-12-18,ETSY,84.46,85.59,80.84,80.84,7656663
2023-12-18,SWK,97.28,98.44,97.09,98.44,1013841
2023-12-18,APPN,38.64,38.81,37.64,38.3,506645
2023-12-18,W,62.94,65.6,62.63,64.22,3352569
2023-12-18,SNAP,17.02,17.9,16.8,17.44,49763573
2023-12-15,BABA,74.51,75.545,73.32,74.0,31327519
2023-12-15,ETSY,80.68,85.6,80.09,84.38,10176647
2023-12-15,SWK,98.63,101.82,97.78,101.44,2939645
2023-12-15,APPN,38.32,38.77,37.31,37.71,1306165
2023-12-15,W,64.14,65.41,62.09,65.23,4525688
2023-12-15,SNAP,16.92,17.22,16.53,17.04,35572627
2023-12-14,BABA,72.51,73.24,71.42,71.47,25199289
2023-12-14,ETSY,83.26,85.3,80.978,85.0,6851620
2023-12-14,SWK,101.49,102.93,95.86,96.0,2857951
2023-12-14,APPN,37.4,39.09,37.07,37.51,586577
2023-12-14,W,64.16,67.11,60.85,61.91,9710813
2023-12-14,SNAP,16.94,17.23,16.57,16.67,39763749
2023-12-13,BABA,71.46,71.48,70.12,70.91,21721644
2023-12-13,ETSY,83.97,86.93,78.535,86.02,13576326
2023-12-13,SWK,96.52,97.72,92.02,92.52,2300331
2023-12-13,APPN,36.85,36.89,34.54,35.78,674152
2023-12-13,W,56.92,57.985,50.19,52.04,9591620
2023-12-13,SNAP,16.45,16.54,15.84,16.0,26639282
2023-12-12,BABA,71.39,71.955,70.93,71.38,14725908
2023-12-12,ETSY,85.82,86.55,84.05,84.3,3636106
2023-12-12,SWK,92.6,92.95,92.02,92.69,1213182
2023-12-12,APPN,35.8,36.61,35.7,36.61,459989
2023-12-12,W,52.06,54.5,51.02,54.28,5744127
2023-12-12,SNAP,15.85,16.06,15.445,15.63,27396345
2023-12-11,BABA,71.37,71.61,70.08,70.49,19719315
2023-12-11,ETSY,84.69,86.1,79.57,79.57,6825706
2023-12-11,SWK,92.87,93.505,92.48,92.79,848088
2023-12-11,APPN,36.61,37.27,35.6401,36.1,361684
2023-12-11,W,54.9,56.6,54.4023,54.52,3692525
2023-12-11,SNAP,15.75,15.95,15.52,15.82,32187067
2023-12-08,BABA,72.14,72.44,71.83,72.02,16914758
2023-12-08,ETSY,80.08,81.24,78.91,78.97,4548232
2023-12-08,SWK,92.85,93.73,91.91,92.27,1636347
2023-12-08,APPN,36.54,36.7,35.3838,35.79,289999
2023-12-08,W,55.1,55.7,51.89,52.31,6041082
2023-12-08,SNAP,15.09,15.305,14.68,14.7,20718265
2023-12-07,BABA,72.33,72.37,71.44,71.545,18966685
2023-12-07,ETSY,78.97,80.47,78.35,79.28,3120206
2023-12-07,SWK,93.15,93.82,92.25,92.86,1157894
2023-12-07,APPN,36.23,37.88,36.18,37.82,345956
2023-12-07,W,53.07,53.805,51.83,52.35,3480088
2023-12-07,SNAP,14.76,14.85,14.54,14.74,15148786
2023-12-06,BABA,71.49,72.95,71.49,72.36,30394396
2023-12-06,ETSY,79.54,82.5,79.38,82.03,3763532
2023-12-06,SWK,92.71,94.23,92.3152,92.36,1058009
2023-12-06,APPN,38.02,39.0,37.745,38.48,342601
2023-12-06,W,53.07,56.62,52.138,56.07,4709222
2023-12-06,SNAP,14.77,15.36,14.77,14.83,27154523
2023-12-05,BABA,72.38,72.7,71.92,72.04,19128982
2023-12-05,ETSY,81.66,83.7299,81.61,82.35,3372316
2023-12-05,SWK,91.36,93.52,91.31,93.52,1398878
2023-12-05,APPN,38.42,38.6,37.32,38.01,381115
2023-12-05,W,55.63,58.22,55.61,57.37,3794497
2023-12-05,SNAP,14.6,14.66,14.1101,14.16,18141110
2023-12-04,BABA,73.03,73.58,72.48,72.67,21074948
2023-12-04,ETSY,82.99,84.75,81.8,82.0,5973029
2023-12-04,SWK,94.13,94.64,92.37,92.9,1373725
2023-12-04,APPN,38.1,38.44,37.24,37.36,353575
2023-12-04,W,58.31,59.75,57.43,57.98,2889087
2023-12-04,SNAP,14.3,14.38,13.965,14.06,21274367
2023-12-01,BABA,73.99,74.14,72.12,73.12,27998595
2023-12-01,ETSY,82.04,82.3228,75.43,76.53,5830222
2023-12-01,SWK,93.78,93.83,90.645,90.95,1196942
2023-12-01,APPN,37.69,37.83,36.13,36.33,488489
2023-12-01,W,58.53,58.91,55.4596,56.06,3595776
2023-12-01,SNAP,14.14,14.24,13.615,13.75,23416250
2023-11-30,BABA,74.88,74.94,74.01,74.7,17884211
2023-11-30,ETSY,75.81,78.0,75.01,77.78,4511426
2023-11-30,SWK,90.9,91.495,89.365,91.09,1162108
2023-11-30,APPN,36.24,37.24,35.95,36.54,590131
2023-11-30,W,55.8,58.98,55.73,58.79,3781721
2023-11-30,SNAP,13.83,14.23,13.485,13.49,51167402
2023-11-29,BABA,74.67,75.456,74.425,75.0,30969099
2023-11-29,ETSY,77.2,78.58,76.29,76.41,4873891
2023-11-29,SWK,91.46,92.31,91.03,91.72,1066125
2023-11-29,APPN,36.24,37.29,35.97,35.97,484125
2023-11-29,W,58.5,60.71,57.72,57.76,5276276
2023-11-29,SNAP,12.98,13.085,12.82,12.94,15299958
2023-11-28,BABA,76.74,76.84,75.26,76.56,23682173
2023-11-28,ETSY,75.27,75.47,72.49,73.7,4427004
2023-11-28,SWK,90.4,90.76,89.21,90.3,1178477
2023-11-28,APPN,35.28,35.9699,35.11,35.52,446127
2023-11-28,W,56.99,57.14,51.6,52.39,5630426
2023-11-28,SNAP,12.84,12.87,12.58,12.605,14906997
2023-11-27,BABA,77.53,79.25,77.09,77.555,18248172
2023-11-27,ETSY,73.95,75.4001,72.1001,72.35,5023856
2023-11-27,SWK,90.43,91.77,90.42,90.77,1525775
2023-11-27,APPN,35.56,36.25,35.51,35.86,343940
2023-11-27,W,52.76,53.11,49.31,49.31,5204559
2023-11-27,SNAP,12.68,12.8,12.41,12.41,16203023
2023-11-24,BABA,78.49,79.07,78.21,78.27,12251659
2023-11-24,ETSY,71.82,72.02,70.65,70.94,889021
2023-11-24,SWK,91.41,91.63,89.355,89.63,643750
2023-11-24,APPN,36.19,36.285,35.6,35.88,131761
2023-11-24,W,49.11,49.45,47.58,48.23,1176130
2023-11-24,SNAP,12.52,12.56,12.24,12.24,10797731
2023-11-22,BABA,78.96,79.71,78.13,79.28,18982123
2023-11-22,ETSY,71.48,72.05,70.7,70.91,1898955
2023-11-22,SWK,89.74,90.08,88.71,89.75,1114380
2023-11-22,APPN,36.06,37.86,35.9,37.24,408909
2023-11-22,W,48.87,49.86,48.06,48.83,2819345
2023-11-22,SNAP,12.31,12.32,12.03,12.17,10119851
2023-11-21,BABA,78.94,79.275,77.6,77.85,20525451
2023-11-21,ETSY,70.59,71.25,69.57,71.19,2580842
2023-11-21,SWK,89.26,91.045,88.349,90.86,1041343
2023-11-21,APPN,37.02,37.61,36.0613,37.31,334692
2023-11-21,W,48.19,49.06,47.29,48.64,3127467
2023-11-21,SNAP,12.06,12.15,11.89,11.98,10266426
2023-11-20,BABA,78.46,78.745,76.56,76.91,31564894
2023-11-20,ETSY,72.07,73.73,70.76,72.21,3386981
2023-11-20,SWK,91.54,92.27,90.7,91.51,1113649
2023-11-20,APPN,37.6,38.83,36.62,36.97,471076
2023-11-20,W,49.47,50.45,47.22,47.28,3922755
2023-11-20,SNAP,12.15,12.3,11.87,11.88,14560749
2023-11-17,BABA,77.6,78.4658,76.75,77.02,35580411
2023-11-17,ETSY,72.53,73.0,70.785,71.2,3818988
2023-11-17,SWK,91.76,91.79,90.25,91.0,1013692
2023-11-17,APPN,36.75,37.05,36.28,36.81,612563
2023-11-17,W,47.16,47.58,45.93,46.62,2912316
2023-11-17,SNAP,11.89,11.995,11.5,11.91,22116402
2023-11-16,BABA,79.11,80.77,78.2305,79.52,63008526
2023-11-16,ETSY,70.15,70.73,68.7,70.03,3658876
2023-11-16,SWK,90.1,90.8,89.23,89.98,956546
2023-11-16,APPN,36.65,38.5424,36.37,38.47,449458
2023-11-16,W,46.11,47.22,45.5,46.61,3528704
2023-11-16,SNAP,12.07,12.34,11.8,12.13,22969636
2023-11-15,BABA,87.07,87.83,85.89,86.96,28991019
2023-11-15,ETSY,71.74,73.54,69.14,69.14,5662898
2023-11-15,SWK,90.35,91.575,89.56,89.56,1245306
2023-11-15,APPN,38.78,40.67,38.07,38.07,523459
2023-11-15,W,47.59,50.24,45.8,45.89,6727401
2023-11-15,SNAP,12.2,12.32,11.94,12.12,21312715
2023-11-14,BABA,83.87,84.535,82.32,82.76,20897615
2023-11-14,ETSY,68.38,68.47,65.775,65.97,4582283
2023-11-14,SWK,89.05,90.38,86.69,86.8,2016522
2023-11-14,APPN,37.91,38.67,37.18,37.28,552409
2023-11-14,W,45.58,46.525,43.905,44.1,6155010
2023-11-14,SNAP,12.15,12.425,12.04,12.05,38147375
2023-11-13,BABA,82.26,83.315,82.08,82.75,11236852
2023-11-13,ETSY,63.21,64.05,62.75,62.97,2304919
2023-11-13,SWK,84.09,84.99,83.85,84.79,1115184
2023-11-13,APPN,35.79,36.1,35.387,36.0,254119
2023-11-13,W,41.3,42.85,40.98,42.73,4040387
2023-11-13,SNAP,11.3,11.435,11.15,11.33,12118745
2023-11-10,BABA,82.75,82.87,81.66,82.41,9797571
2023-11-10,ETSY,63.24,63.405,60.67,61.93,2564042
2023-11-10,SWK,85.07,85.53,83.33,85.07,1098504
2023-11-10,APPN,36.21,36.37,35.325,35.41,425977
2023-11-10,W,43.22,43.4898,41.94,42.54,2889829
2023-11-10,SNAP,11.32,11.37,10.92,10.95,19159965
2023-11-09,BABA,82.73,84.69,82.475,84.58,10885073
2023-11-09,ETSY,62.02,64.57,61.5594,64.57,2752996
2023-11-09,SWK,84.25,86.69,83.4612,86.57,1270770
2023-11-09,APPN,35.61,38.5,35.42,38.45,450487
2023-11-09,W,42.84,46.95,42.67,46.5,5273862
2023-11-09,SNAP,11.24,11.73,11.18,11.22,26971492
2023-11-08,BABA,84.8,85.73,84.48,84.62,8154582
2023-11-08,ETSY,63.99,64.9,62.8157,64.12,3035856
2023-11-08,SWK,85.65,86.015,84.93,85.65,813200
2023-11-08,APPN,38.2,38.27,36.93,38.09,328333
2023-11-08,W,46.52,47.23,45.14,45.81,3742113
2023-11-08,SNAP,11.23,11.25,10.8603,11.04,21448623
2023-11-07,BABA,85.41,85.66,84.11,84.86,8829376
2023-11-07,ETSY,64.84,65.22,63.0,63.24,3480236
2023-11-07,SWK,85.73,86.69,85.1,86.24,1208468
2023-11-07,APPN,38.25,40.44,37.85,39.14,769034
2023-11-07,W,46.32,47.065,44.66,46.29,3574197
2023-11-07,SNAP,10.96,11.02,10.68,10.72,15836857
2023-11-06,BABA,85.36,86.72,85.23,86.55,9786396
2023-11-06,ETSY,63.08,65.8,62.295,65.32,3299349
2023-11-06,SWK,86.68,88.75,85.96,88.75,1083691
2023-11-06,APPN,37.4,39.81,37.08,39.71,605038
2023-11-06,W,46.17,50.15,45.69,50.0,4959739
2023-11-06,SNAP,10.73,10.87,10.62,10.74,18754926
2023-11-03,BABA,85.31,86.08,84.5,84.94,15148303
2023-11-03,ETSY,65.25,67.68,63.395,63.62,5479802
2023-11-03,SWK,88.87,90.92,87.97,88.0,1598771
2023-11-03,APPN,39.9,40.5,38.2,38.95,879035
2023-11-03,W,49.62,50.395,47.4,47.75,5994032
2023-11-03,SNAP,10.72,10.915,10.52,10.52,22876555
2023-11-02,BABA,83.41,83.98,83.03,83.65,10606319
2023-11-02,ETSY,61.63,64.21,58.2,60.0,10421836
2023-11-02,SWK,86.52,87.14,85.35,86.15,1320838
2023-11-02,APPN,41.72,42.99,39.99,39.99,481694
2023-11-02,W,46.69,49.28,46.26,46.675,7195023
2023-11-02,SNAP,10.43,10.59,10.1,10.14,30659333
2023-11-01,BABA,82.48,82.49,81.21,81.705,9549988
2023-11-01,ETSY,60.66,61.9,59.27,61.61,7543240
2023-11-01,SWK,84.98,85.42,82.8,85.42,1658401
2023-11-01,APPN,39.13,39.59,38.41,39.41,261488
2023-11-01,W,44.38,45.55,40.0,40.9,12422058
2023-11-01,SNAP,9.99,10.0799,9.81,9.95,19548138
2023-10-31,BABA,82.54,82.54,80.88,81.94,12094312
2023-10-31,ETSY,62.3,63.31,61.53,61.95,2932735
2023-10-31,SWK,85.05,85.18,83.18,83.86,2099394
2023-10-31,APPN,39.46,40.29,38.57,39.26,274541
2023-10-31,W,42.61,42.94,40.28,41.95,6266984
2023-10-31,SNAP,10.01,10.055,9.6,9.79,28796700
2023-10-30,BABA,83.14,84.24,83.0112,83.63,8980455
2023-10-30,ETSY,61.31,63.19,59.79,63.07,4459091
2023-10-30,SWK,84.24,84.48,80.75,83.16,2766963
2023-10-30,APPN,39.23,40.535,39.2,40.25,186580
2023-10-30,W,41.88,42.04,39.85,41.38,3280850
2023-10-30,SNAP,9.7,9.81,9.29,9.34,25083930
2023-10-27,BABA,82.82,84.12,82.48,83.87,10795598
2023-10-27,ETSY,62.46,63.74,61.645,62.45,3059107
2023-10-27,SWK,82.03,84.65,81.3,82.11,4369034
2023-10-27,APPN,39.98,40.58,39.67,40.22,181204
2023-10-27,W,40.6,41.43,39.38,39.38,4475718
2023-10-27,SNAP,9.3,9.55,9.18,9.33,24606549
2023-10-26,BABA,82.51,83.09,81.2,81.265,13010368
2023-10-26,ETSY,62.37,63.18,61.45,62.45,3990930
2023-10-26,SWK,77.23,78.49,76.57,77.65,2061668
2023-10-26,APPN,40.06,40.95,39.16,40.55,194965
2023-10-26,W,39.29,40.81,38.37,40.47,5576621
2023-10-26,SNAP,9.3,9.52,8.91,9.11,42454185
2023-10-25,BABA,81.03,82.0,80.78,81.3,11390178
2023-10-25,ETSY,62.96,63.07,60.89,62.5,3565121
2023-10-25,SWK,77.25,78.97,77.01,78.81,1568945
2023-10-25,APPN,40.29,41.35,40.17,41.2,400564
2023-10-25,W,40.33,42.5399,40.32,42.05,4456670
2023-10-25,SNAP,9.19,10.87,9.1,10.37,94403233
2023-10-24,BABA,82.87,83.32,80.44,80.45,17925847
2023-10-24,ETSY,64.59,66.08,63.34,64.33,2696629
2023-10-24,SWK,79.37,79.93,78.02,79.06,1377289
2023-10-24,APPN,41.6,42.59,40.84,40.84,240591
2023-10-24,W,43.36,44.98,42.96,43.45,2828606
2023-10-24,SNAP,9.71,9.98,9.58,9.63,71921441
2023-10-23,BABA,80.51,80.9262,79.02,79.42,12715187
2023-10-23,ETSY,64.15,65.44,63.535,64.3,2944750
2023-10-23,SWK,78.1,79.075,77.0129,77.4,1293761
2023-10-23,APPN,40.67,41.62,39.71,40.49,206466
2023-10-23,W,42.39,43.86,41.7414,43.15,3395873
2023-10-23,SNAP,9.49,9.88,9.3,9.35,37569211
2023-10-20,BABA,79.94,80.86,79.783,80.23,14636224
2023-10-20,ETSY,64.9,66.4989,64.79,65.01,3530324
2023-10-20,SWK,77.92,78.99,77.69,78.85,1361052
2023-10-20,APPN,41.05,42.86,40.84,42.86,613123
2023-10-20,W,43.87,46.06,43.5,43.65,3753399
2023-10-20,SNAP,9.44,9.67,9.31,9.6,29382635
2023-10-19,BABA,81.61,82.395,81.115,81.48,12624124
2023-10-19,ETSY,65.42,68.12,64.91,67.71,3697620
2023-10-19,SWK,78.86,81.065,78.63,79.5,1188626
2023-10-19,APPN,42.65,43.64,41.77,42.28,505087
2023-10-19,W,43.76,46.2,43.72,46.14,2532251
2023-10-19,SNAP,9.65,9.87,9.46,9.55,21177197
2023-10-18,BABA,83.01,83.73,82.76,82.96,9321627
2023-10-18,ETSY,67.9,69.68,67.69,69.13,3070617
2023-10-18,SWK,79.48,82.74,79.33,82.72,1485769
2023-10-18,APPN,41.94,43.555,41.778,43.32,162375
2023-10-18,W,45.16,47.09,43.94,46.38,3764354
2023-10-18,SNAP,9.6,9.76,9.51,9.6,19250446
2023-10-17,BABA,83.91,84.36,82.56,82.75,8270035
2023-10-17,ETSY,70.06,70.315,65.53,65.77,4838487
2023-10-17,SWK,83.81,84.53,81.42,81.42,967092
2023-10-17,APPN,43.72,44.28,42.04,42.04,277426
2023-10-17,W,47.17,48.73,46.3,46.9,3406351
2023-10-17,SNAP,9.69,9.77,9.54,9.56,24836029
2023-10-16,BABA,84.31,84.965,82.63,83.7,10075338
2023-10-16,ETSY,66.47,66.76,63.2268,63.31,4517089
2023-10-16,SWK,82.31,83.0,81.41,82.4,795885
2023-10-16,APPN,42.81,43.17,41.375,41.5,178715
2023-10-16,W,47.78,48.74,46.7,47.62,2537658
2023-10-16,SNAP,9.72,9.75,8.96,9.02,56297832
2023-10-13,BABA,84.02,85.49,83.75,84.06,10333073
2023-10-13,ETSY,63.17,64.64,62.72,64.64,3449334
2023-10-13,SWK,81.45,83.335,80.4,83.0,1174689
2023-10-13,APPN,41.27,41.79,41.185,41.66,309914
2023-10-13,W,47.31,50.11,47.02,50.0,5455178
2023-10-13,SNAP,8.68,9.14,8.67,9.1,27922226
2023-10-12,BABA,84.51,87.67,84.2,87.58,16158058
2023-10-12,ETSY,64.76,65.57,63.82,65.57,2992292
2023-10-12,SWK,82.8,83.92,81.5,83.92,2013548
2023-10-12,APPN,41.82,42.7,41.455,42.41,319991
2023-10-12,W,50.27,53.81,50.21,53.56,3616219
2023-10-12,SNAP,9.11,9.33,9.01,9.06,29718224
2023-10-11,BABA,87.78,88.7963,87.145,88.01,11111515
2023-10-11,ETSY,64.84,65.3028,63.88,63.88,2734224
2023-10-11,SWK,84.07,84.12,81.81,81.81,1838259
2023-10-11,APPN,43.11,44.26,42.34,43.4,255735
2023-10-11,W,54.47,56.3099,53.03,55.39,2666015
2023-10-11,SNAP,9.11,9.13,8.82,8.85,18773808
2023-10-10,BABA,87.17,87.74,85.57,85.67,13557779
2023-10-10,ETSY,63.71,64.76,62.755,63.03,3574804
2023-10-10,SWK,81.61,82.94,79.305,79.51,1813503
2023-10-10,APPN,43.11,44.445,42.8,42.8,332357
2023-10-10,W,55.44,57.449,53.68,53.75,3215269
2023-10-10,SNAP,8.82,9.11,8.66,8.7,22342581
2023-10-09,BABA,84.85,85.21,83.57,83.91,10880041
2023-10-09,ETSY,63.38,63.55,61.635,61.93,2621162
2023-10-09,SWK,78.92,79.11,76.87,77.21,1111904
2023-10-09,APPN,42.64,43.1,41.46,41.63,205832
2023-10-09,W,53.47,55.54,52.375,55.5,3028447
2023-10-09,SNAP,8.61,8.68,8.5,8.54,13059803
2023-10-06,BABA,86.06,86.515,84.0,84.25,13423653
2023-10-06,ETSY,62.72,63.82,62.1,62.1,3072737
2023-10-06,SWK,78.18,78.935,76.2611,76.89,1812141
2023-10-06,APPN,42.46,42.4994,40.3477,40.51,277019
2023-10-06,W,57.09,57.94,54.41,55.1,2800676
2023-10-06,SNAP,8.63,8.64,8.395,8.57,22566860
2023-10-05,BABA,83.67,83.71,82.45,83.52,10334535
2023-10-05,ETSY,62.86,64.18,61.37,63.82,3623724
2023-10-05,SWK,77.48,78.56,76.67,78.18,1751548
2023-10-05,APPN,41.28,43.095,41.1,43.08,327644
2023-10-05,W,55.05,57.89,53.75,57.5,3604270
2023-10-05,SNAP,8.74,8.84,8.55,8.66,11503371
2023-10-04,BABA,84.08,84.54,83.6501,84.275,8904691
2023-10-04,ETSY,63.74,64.32,62.92,63.1,3148151
2023-10-04,SWK,78.62,78.93,76.93,78.41,2144981
2023-10-04,APPN,43.34,43.78,42.1,42.47,221543
2023-10-04,W,58.13,58.87,56.65,58.11,2585187
2023-10-04,SNAP,8.69,8.72,8.5,8.56,16226468
2023-10-03,BABA,84.54,85.0,83.95,84.5,11448823
2023-10-03,ETSY,62.29,64.91,62.12,64.39,3015157
2023-10-03,SWK,78.41,80.32,78.15,80.0,1879508
2023-10-03,APPN,42.31,44.44,42.12,44.04,177455
2023-10-03,W,56.91,62.49,55.26,61.87,5429351
2023-10-03,SNAP,8.54,8.7675,8.47,8.58,17300047
2023-10-02,BABA,86.53,87.105,85.89,86.75,8209831
2023-10-02,ETSY,64.65,65.11,63.87,64.34,4441236
2023-10-02,SWK,80.72,83.5125,80.13,83.11,1840469
2023-10-02,APPN,44.55,45.915,44.05,45.45,158590
2023-10-02,W,62.5,62.55,60.3761,60.42,2780030
2023-10-02,SNAP,8.74,8.915,8.56,8.87,15763220
2023-09-29,BABA,86.74,87.95,86.605,87.29,9654824
2023-09-29,ETSY,64.58,65.87,64.32,64.79,3272947
2023-09-29,SWK,83.58,84.75,82.7,84.0,2305550
2023-09-29,APPN,45.61,46.56,45.0128,45.13,229454
2023-09-29,W,60.57,62.29,60.28,60.59,2286741
2023-09-29,SNAP,8.91,8.93,8.67,8.74,21165591
2023-09-28,BABA,85.54,85.89,84.305,84.89,10093639
2023-09-28,ETSY,63.75,63.96,61.22,61.3,3666754
2023-09-28,SWK,83.76,84.16,82.305,82.73,2198368
2023-09-28,APPN,44.63,45.19,42.45,42.9,226087
2023-09-28,W,59.7,60.7,57.55,57.78,1814563
2023-09-28,SNAP,8.56,8.655,8.34,8.42,16715358
2023-09-27,BABA,86.19,86.55,85.3,86.38,7233891
2023-09-27,ETSY,61.89,63.1599,61.71,61.77,3171438
2023-09-27,SWK,82.9,83.62,82.01,82.77,1058501
2023-09-27,APPN,43.16,43.63,42.27,42.76,177400
2023-09-27,W,58.8,59.66,56.66,56.93,2400646
2023-09-27,SNAP,8.49,8.61,8.37,8.39,14303941
2023-09-26,BABA,85.91,87.07,85.7,86.46,9666610
2023-09-26,ETSY,61.87,64.52,61.47,64.29,3961238
2023-09-26,SWK,82.12,83.33,81.93,83.33,1189571
2023-09-26,APPN,42.4,43.36,42.21,42.87,178724
2023-09-26,W,56.86,59.08,56.66,59.08,2865259
2023-09-26,SNAP,8.34,8.49,8.28,8.43,25839896
2023-09-25,BABA,87.22,87.27,85.77,85.88,9897193
2023-09-25,ETSY,64.72,65.25,63.01,63.1,2738297
2023-09-25,SWK,83.68,84.75,83.01,83.19,1275535
2023-09-25,APPN,43.19,43.59,42.18,42.5,154568
2023-09-25,W,59.33,60.13,57.94,58.24,2650724
2023-09-25,SNAP,8.6,8.71,8.55,8.6,10074727
2023-09-22,BABA,88.3,88.875,87.11,87.365,22469600
2023-09-22,ETSY,63.8,66.11,63.5,65.0,3626811
2023-09-22,SWK,83.7,84.749,83.61,84.48,1333687
2023-09-22,APPN,42.93,43.62,42.5301,43.47,145815
2023-09-22,W,59.34,63.48,59.135,63.15,2886556
2023-09-22,SNAP,8.69,8.885,8.67,8.72,11432549
2023-09-21,BABA,84.11,84.775,83.76,83.86,10638859
2023-09-21,ETSY,64.25,65.11,63.53,63.79,3968152
2023-09-21,SWK,84.4,85.52,84.3,85.37,1201099
2023-09-21,APPN,43.04,43.72,42.75,43.46,237362
2023-09-21,W,60.53,62.4,60.19,61.94,2371414
2023-09-21,SNAP,8.63,8.975,8.61,8.86,21616326
2023-09-20,BABA,85.74,87.5,85.65,86.97,9228231
2023-09-20,ETSY,64.69,66.53,64.59,65.74,2743187
2023-09-20,SWK,86.11,89.025,86.08,88.21,796929
2023-09-20,APPN,44.29,46.25,44.26,45.65,178778
2023-09-20,W,63.62,66.08,63.55,64.1,1813078
2023-09-20,SNAP,9.03,9.3785,8.95,9.06,24692103
2023-09-19,BABA,87.11,87.88,86.08,86.12,9247017
2023-09-19,ETSY,65.74,65.93,62.89,63.24,3111590
2023-09-19,SWK,87.35,87.48,85.77,86.83,1178940
2023-09-19,APPN,45.36,46.14,44.38,46.14,301831
2023-09-19,W,63.62,64.6,62.1,63.25,2232900
2023-09-19,SNAP,9.0,9.005,8.62,8.82,20107921
2023-09-18,BABA,87.02,87.17,85.395,86.15,9291628
2023-09-18,ETSY,63.85,64.82,63.63,64.26,3454259
2023-09-18,SWK,87.05,88.16,86.915,87.85,1241897
2023-09-18,APPN,46.39,47.245,45.455,45.89,299725
2023-09-18,W,63.57,70.11,62.9,70.11,5524988
2023-09-18,SNAP,8.89,9.1,8.81,9.08,20619751
2023-09-15,BABA,87.07,88.22,86.82,87.77,10147651
2023-09-15,ETSY,64.94,66.9991,63.86,66.63,6547162
2023-09-15,SWK,87.97,88.43,86.59,87.21,2292634
2023-09-15,APPN,45.89,46.48,44.96,46.48,503500
2023-09-15,W,71.0,71.44,69.64,70.9,3371246
2023-09-15,SNAP,9.16,9.245,9.04,9.19,16283745
2023-09-14,BABA,88.0,88.6,87.44,88.55,8643075
2023-09-14,ETSY,66.68,69.4472,65.42,68.59,7410351
2023-09-14,SWK,87.61,88.9,86.79,88.22,1333910
2023-09-14,APPN,46.68,47.72,45.935,47.23,245131
2023-09-14,W,71.19,74.11,70.4,72.32,2808583
2023-09-14,SNAP,9.16,9.4,9.15,9.365,12847585
2023-09-13,BABA,87.64,88.29,87.382,87.94,10634898
2023-09-13,ETSY,64.56,65.5,63.51,64.5,3117601
2023-09-13,SWK,87.3,89.45,86.395,89.23,1630782
2023-09-13,APPN,47.23,47.78,46.65,47.46,213194
2023-09-13,W,71.51,72.17,70.6,71.47,2301511
2023-09-13,SNAP,9.29,9.5375,9.28,9.49,12832445
2023-09-12,BABA,88.3,89.96,88.18,88.19,10262471
2023-09-12,ETSY,64.81,66.13,64.3,64.46,3912972
2023-09-12,SWK,89.3,90.715,88.985,90.25,1092415
2023-09-12,APPN,47.66,49.99,47.57,49.51,172331
2023-09-12,W,71.82,73.6999,71.21,72.74,2310575
2023-09-12,SNAP,9.58,9.63,9.36,9.36,13528624
2023-09-11,BABA,88.71,90.35,87.71,89.73,15773514
2023-09-11,ETSY,64.82,67.81,64.78,67.3,4005901
2023-09-11,SWK,90.95,92.16,90.78,91.34,1207290
2023-09-11,APPN,50.03,51.92,49.74,51.92,353448
2023-09-11,W,74.0,74.96,72.26,72.545,2872673
2023-09-11,SNAP,9.44,9.635,9.43,9.48,16848031
2023-09-08,BABA,90.05,90.3,88.73,89.6,10343582
2023-09-08,ETSY,67.13,69.39,66.68,69.39,4075822
2023-09-08,SWK,90.99,92.49,90.32,91.87,1199447
2023-09-08,APPN,51.6,52.68,51.565,52.0,252081
2023-09-08,W,71.15,72.14,69.23,69.35,2061807
2023-09-08,SNAP,9.39,9.74,9.39,9.68,21044834
2023-09-07,BABA,89.97,91.76,88.955,91.64,18667208
2023-09-07,ETSY,69.09,72.01,68.36,71.9,4094822
2023-09-07,SWK,92.29,92.63,90.84,92.1,983361
2023-09-07,APPN,52.04,52.99,48.18,49.04,334971
2023-09-07,W,70.97,71.74,68.02,70.295,2341280
2023-09-07,SNAP,9.72,9.82,9.415,9.45,17158280
2023-09-06,BABA,94.45,95.8,94.13,94.15,10123603
2023-09-06,ETSY,72.74,73.59,71.89,72.45,2882392
2023-09-06,SWK,93.7,93.94,92.31,92.52,967736
2023-09-06,APPN,49.69,49.72,48.7827,49.12,147726
2023-09-06,W,72.39,74.57,71.29,74.08,3891643
2023-09-06,SNAP,9.63,10.29,9.57,10.27,40061445
2023-09-05,BABA,94.65,95.3921,94.07,94.53,10097585
2023-09-05,ETSY,72.82,74.16,72.69,74.0,2345123
2023-09-05,SWK,92.64,95.03,92.56,94.53,1113502
2023-09-05,APPN,49.07,49.49,48.77,49.03,165429
2023-09-05,W,74.8,74.99,71.28,71.5,2872774
2023-09-05,SNAP,10.46,10.6,10.23,10.27,20595150
2023-09-01,BABA,95.01,96.68,94.52,94.55,17470363
2023-09-01,ETSY,74.635,75.66,74.02,74.08,2175967
2023-09-01,SWK,94.45,95.25,93.96,94.51,812215
2023-09-01,APPN,49.55,50.13,48.8,49.0,230557
2023-09-01,W,72.16,72.44,69.76,70.0,2586934
2023-09-01,SNAP,10.44,10.54,10.31,10.41,17971265
2023-08-31,BABA,92.9,93.36,92.16,92.98,13332433
2023-08-31,ETSY,73.57,75.4,73.01,74.63,2599811
2023-08-31,SWK,94.38,96.13,94.33,95.11,1321993
2023-08-31,APPN,48.7,48.96,47.875,48.16,388721
2023-08-31,W,69.11,69.87,67.89,68.63,1999694
2023-08-31,SNAP,10.35,10.44,10.13,10.13,20863626
2023-08-30,BABA,93.65,94.25,92.47,92.55,13779899
2023-08-30,ETSY,74.32,74.93,73.43,74.05,1681715
2023-08-30,SWK,95.02,95.08,93.37,93.5,1336078
2023-08-30,APPN,48.16,48.57,47.56,47.73,151815
2023-08-30,W,68.93,69.48,66.01,66.05,2844676
2023-08-30,SNAP,10.12,10.17,9.75,9.82,30608907
2023-08-29,BABA,94.03,94.095,92.34,93.45,16927977
2023-08-29,ETSY,74.4,74.835,71.28,71.88,2005423
2023-08-29,SWK,93.34,93.54,90.72,90.96,836686
2023-08-29,APPN,48.02,48.495,46.22,46.56,235253
2023-08-29,W,66.25,67.66,63.4,63.83,4014019
2023-08-29,SNAP,9.89,9.9,9.425,9.48,18276490
2023-08-28,BABA,92.24,92.77,91.29,91.5,14613754
2023-08-28,ETSY,72.24,73.28,71.93,72.74,1840034
2023-08-28,SWK,90.93,91.27,89.87,89.87,748139
2023-08-28,APPN,46.77,47.85,46.67,47.06,203358
2023-08-28,W,63.79,66.02,63.67,65.68,2265810
2023-08-28,SNAP,9.45,9.55,9.325,9.34,11979105
2023-08-25,BABA,89.82,90.04,88.27,89.25,11382199
2023-08-25,ETSY,72.31,73.84,71.77,72.38,2584672
2023-08-25,SWK,89.22,90.5,87.9,90.14,972993
2023-08-25,APPN,46.78,47.1,45.62,45.82,134449
2023-08-25,W,65.19,67.23,63.84,66.67,2368066
2023-08-25,SNAP,9.25,9.41,9.0,9.39,19434876
2023-08-24,BABA,89.11,90.92,89.04,90.49,10684541
2023-08-24,ETSY,71.62,72.99,71.59,72.88,2979881
2023-08-24,SWK,89.41,91.18,89.35,90.74,798043
2023-08-24,APPN,45.74,47.94,45.6,47.54,216790
2023-08-24,W,65.96,67.735,64.29,67.56,2731801
2023-08-24,SNAP,9.37,9.46,9.0603,9.38,20443889
2023-08-23,BABA,89.84,90.59,88.31,88.37,12185729
2023-08-23,ETSY,73.08,74.59,72.99,74.59,2637479
2023-08-23,SWK,91.24,91.5,89.42,89.83,811393
2023-08-23,APPN,47.3,47.59,46.33,46.41,132751
2023-08-23,W,67.41,68.5,65.0,65.05,3478969
2023-08-23,SNAP,9.24,9.33,9.19,9.19,10358941
2023-08-22,BABA,88.08,89.49,87.86,89.28,11611582
2023-08-22,ETSY,73.48,74.14,72.4,73.48,2482148
2023-08-22,SWK,89.46,90.7299,88.82,90.01,1403541
2023-08-22,APPN,46.26,46.86,46.0,46.27,142341
2023-08-22,W,65.31,71.19,65.26,70.71,3223581
2023-08-22,SNAP,9.25,9.47,9.19,9.41,14963599
2023-08-21,BABA,88.57,88.82,87.22,87.6,14167291
2023-08-21,ETSY,73.32,75.06,73.05,73.91,2746221
2023-08-21,SWK,89.65,91.45,88.8,90.86,1590053
2023-08-21,APPN,45.74,46.85,45.49,45.89,152716
2023-08-21,W,70.0,71.6,68.16,70.07,3036646
2023-08-21,SNAP,9.36,9.39,9.14,9.24,13634027
2023-08-18,BABA,88.03,88.36,86.86,87.78,20424821
2023-08-18,ETSY,73.78,74.62,72.565,73.33,3264125
2023-08-18,SWK,89.72,90.92,89.01,89.22,1625800
2023-08-18,APPN,45.74,46.11,43.81,44.07,185651
2023-08-18,W,70.44,70.72,68.36,68.84,2906122
2023-08-18,SNAP,9.18,9.185,8.86,8.91,14782275
2023-08-17,BABA,90.65,91.95,90.26,91.94,15732323
2023-08-17,ETSY,74.97,76.96,74.0,74.0,3836061
2023-08-17,SWK,89.49,92.24,89.4,91.98,1717963
2023-08-17,APPN,44.97,46.13,44.56,45.76,238952
2023-08-17,W,70.17,74.88,69.76,74.25,4200401
2023-08-17,SNAP,9.04,9.28,9.03,9.17,20527935
2023-08-16,BABA,89.12,90.5,88.29,89.63,23292415
2023-08-16,ETSY,73.95,76.26,73.87,75.14,2827760
2023-08-16,SWK,91.43,93.32,91.21,92.85,909713
2023-08-16,APPN,45.9,47.6999,45.8,47.59,240873
2023-08-16,W,74.02,76.67,73.86,76.55,2362179
2023-08-16,SNAP,9.16,9.59,9.15,9.51,30289454
2023-08-15,BABA,91.59,93.01,90.7446,93.0,14756289
2023-08-15,ETSY,75.86,78.12,75.68,78.12,3615170
2023-08-15,SWK,93.02,93.84,92.69,93.33,737567
2023-08-15,APPN,47.7,48.25,47.39,48.05,183924
2023-08-15,W,76.81,78.65,75.31,77.49,2356362
2023-08-15,SNAP,9.56,9.9,9.5,9.86,21223075
2023-08-14,BABA,93.46,94.45,92.53,94.24,17580971
2023-08-14,ETSY,79.3,79.47,76.02,76.02,3522125
2023-08-14,SWK,94.04,94.3,93.02,93.76,922572
2023-08-14,APPN,48.41,48.47,47.05,47.55,137703
2023-08-14,W,78.36,78.73,73.79,75.0,4715793
2023-08-14,SNAP,9.94,9.99,9.81,9.99,23922108
2023-08-11,BABA,95.72,97.65,94.34,97.34,25222754
2023-08-11,ETSY,76.64,78.4,76.02,77.63,2956644
2023-08-11,SWK,94.3,95.075,92.9,93.65,1288473
2023-08-11,APPN,47.96,48.0,46.956,47.07,134524
2023-08-11,W,75.0,75.32,71.22,74.5,4353531
2023-08-11,SNAP,10.03,10.23,10.02,10.1,16037001
2023-08-10,BABA,99.21,101.84,97.12,98.31,53193104
2023-08-10,ETSY,78.21,81.29,77.91,80.5,4038586
2023-08-10,SWK,95.32,98.18,94.97,97.22,1188646
2023-08-10,APPN,47.67,49.68,46.81,48.47,235896
2023-08-10,W,72.85,77.485,72.42,76.51,4113961
2023-08-10,SNAP,10.22,10.7,10.21,10.6,15646230
2023-08-09,BABA,94.85,96.3,94.08,96.025,18640070
2023-08-09,ETSY,79.87,82.754,79.625,82.5,3103428
2023-08-09,SWK,96.97,98.45,96.61,97.02,694835
2023-08-09,APPN,47.95,48.555,47.5,48.09,304033
2023-08-09,W,74.67,81.216,74.56,81.03,4356815
2023-08-09,SNAP,10.44,10.58,10.39,10.54,14402031
2023-08-08,BABA,94.22,94.48,92.9218,93.51,13504738
2023-08-08,ETSY,82.5,83.42,80.38,82.93,3313298
2023-08-08,SWK,97.39,97.89,94.64,97.1,1839503
2023-08-08,APPN,48.25,48.38,47.09,47.83,246962
2023-08-08,W,81.76,82.98,80.78,81.815,3457331
2023-08-08,SNAP,10.54,10.595,10.185,10.41,22353018
2023-08-07,BABA,96.56,97.8,95.03,97.78,13893855
2023-08-07,ETSY,84.43,84.755,80.75,82.0,4072738
2023-08-07,SWK,98.75,99.62,98.21,98.55,981861
2023-08-07,APPN,49.02,49.98,47.3201,49.87,265001
2023-08-07,W,83.26,85.82,81.5961,85.5,4154359
2023-08-07,SNAP,10.57,10.795,10.5,10.76,16688217
2023-08-04,BABA,96.9,98.49,96.69,97.735,13477295
2023-08-04,ETSY,81.59,84.8,81.165,84.31,5118779
2023-08-04,SWK,98.45,99.93,98.11,99.72,1022220
2023-08-04,APPN,49.55,50.298,46.25,49.52,621665
2023-08-04,W,83.09,85.92,81.3,85.648,6487033
2023-08-04,SNAP,10.75,11.06,10.72,10.93,19986846
2023-08-03,BABA,97.58,98.49,96.58,96.71,15462655
2023-08-03,ETSY,82.92,89.78,82.48,87.205,11508397
2023-08-03,SWK,99.14,101.085,98.04,100.9,1302443
2023-08-03,APPN,48.22,48.66,47.31,47.73,236751
2023-08-03,W,84.67,90.71,79.15,82.43,24538546
2023-08-03,SNAP,10.79,11.0,10.69,10.9,23740423
2023-08-02,BABA,95.07,97.74,94.56,97.72,19452332
2023-08-02,ETSY,96.07,97.44,94.27,96.5,4054884
2023-08-02,SWK,101.25,103.9,101.03,102.62,1722684
2023-08-02,APPN,48.44,50.5,47.27,50.28,302420
2023-08-02,W,72.89,74.349,71.46,73.45,4305306
2023-08-02,SNAP,10.97,11.22,10.88,10.99,31209438
2023-08-01,BABA,100.1,101.16,99.3,99.87,14418435
2023-08-01,ETSY,98.6,101.8,98.23,100.56,1812131
2023-08-01,SWK,103.98,104.21,96.05,99.99,3600931
2023-08-01,APPN,51.42,51.65,50.6,51.18,159578
2023-08-01,W,75.9,76.81,73.2,76.32,5422199
2023-08-01,SNAP,11.28,11.33,11.04,11.26,19675339
2023-07-31,BABA,102.16,102.5,99.72,99.79,17726466
2023-07-31,ETSY,101.65,102.81,100.17,100.2,2631485
2023-07-31,SWK,99.27,100.57,98.545,99.39,5472738
2023-07-31,APPN,51.52,51.6441,49.9,49.9,221009
2023-07-31,W,77.87,78.11,73.8,75.77,7038087
2023-07-31,SNAP,11.36,11.38,10.66,10.66,37947832
2023-07-28,BABA,100.55,101.22,97.96,98.07,31956520
2023-07-28,ETSY,99.63,100.69,97.7,98.025,2651982
2023-07-28,SWK,99.02,99.78,97.46,99.78,1568828
2023-07-28,APPN,49.76,49.98,48.65,48.65,185969
2023-07-28,W,73.09,74.24,70.485,70.65,3860582
2023-07-28,SNAP,10.68,10.75,10.29,10.3,49135039
2023-07-27,BABA,95.44,97.99,95.1612,97.75,18685523
2023-07-27,ETSY,95.73,98.65,95.4,97.5,2506901
2023-07-27,SWK,98.35,100.485,97.53,98.14,1968642
2023-07-27,APPN,47.52,50.0,47.005,50.0,193359
2023-07-27,W,68.73,71.9799,67.831,70.92,3647742
2023-07-27,SNAP,10.33,10.915,10.1807,10.9,65311796
2023-07-26,BABA,97.14,97.545,94.84,94.95,15833421
2023-07-26,ETSY,96.39,97.56,94.87,94.88,1923619
2023-07-26,SWK,97.15,97.21,95.715,95.85,1802440
2023-07-26,APPN,49.07,49.32,47.95,48.17,234772
2023-07-26,W,68.31,69.73,66.37,68.4,2973616
2023-07-26,SNAP,10.73,10.73,9.99,10.36,137880039
2023-07-25,BABA,94.98,98.49,94.61,98.17,25827317
2023-07-25,ETSY,94.99,97.6,94.5,97.16,2014491
2023-07-25,SWK,96.34,96.68,95.56,96.23,1782648
2023-07-25,APPN,48.59,49.16,48.0,48.29,143815
2023-07-25,W,68.72,71.0,68.23,69.85,3024310
2023-07-25,SNAP,12.51,12.67,12.35,12.52,68993656
2023-07-24,BABA,96.35,97.4686,91.3,92.07,33376076
2023-07-24,ETSY,96.54,97.67,94.5,96.61,2446378
2023-07-24,SWK,96.43,97.7,95.92,97.0,1332012
2023-07-24,APPN,48.13,49.295,47.665,48.89,164204
2023-07-24,W,69.42,73.3,69.18,71.81,2817133
2023-07-24,SNAP,12.68,12.93,12.545,12.86,23715489
2023-07-21,BABA,92.17,93.23,91.54,92.89,13899064
2023-07-21,ETSY,96.74,101.96,96.7161,96.92,5530251
2023-07-21,SWK,97.13,98.05,96.575,97.97,892800
2023-07-21,APPN,48.545,49.66,48.13,49.27,217427
2023-07-21,W,71.02,73.36,70.51,71.55,3493112
2023-07-21,SNAP,12.74,13.06,12.675,13.06,21404268
2023-07-20,BABA,91.9,93.12,91.35,91.69,14752965
2023-07-20,ETSY,93.07,95.05,92.46,94.73,2351471
2023-07-20,SWK,97.59,99.0,96.14,99.0,1046803
2023-07-20,APPN,48.35,51.05,47.94,51.01,241745
2023-07-20,W,70.78,71.69,69.1,71.07,3599746
2023-07-20,SNAP,12.93,13.265,12.83,12.94,20442843
2023-07-19,BABA,92.09,94.71,92.09,93.57,17228055
2023-07-19,ETSY,96.09,97.02,93.6901,93.82,3088499
2023-07-19,SWK,99.07,99.26,97.53,98.71,972213
2023-07-19,APPN,51.35,52.66,50.83,52.0,168097
2023-07-19,W,71.42,73.74,71.11,73.02,3975179
2023-07-19,SNAP,13.11,13.53,13.08,13.43,28630855
2023-07-18,BABA,91.2,92.21,90.15,91.54,20249720
2023-07-18,ETSY,93.33,96.29,93.15,93.515,2077192
2023-07-18,SWK,98.85,99.52,97.24,97.3,1581816
2023-07-18,APPN,51.57,51.86,50.85,51.18,156081
2023-07-18,W,71.45,73.73,71.25,71.84,3349743
2023-07-18,SNAP,13.37,13.51,12.87,13.49,33108106
2023-07-17,BABA,93.41,93.55,91.04,92.25,17317289
2023-07-17,ETSY,93.4,93.67,90.22,91.5,1714936
2023-07-17,SWK,97.23,97.54,95.37,95.94,1110903
2023-07-17,APPN,51.22,51.64,50.195,50.38,150727
2023-07-17,W,70.6,72.13,68.8784,69.51,2914044
2023-07-17,SNAP,13.47,13.64,12.97,13.14,28982265
2023-07-14,BABA,94.56,96.09,94.24,95.22,18897112
2023-07-14,ETSY,92.25,93.24,91.12,92.32,2597984
2023-07-14,SWK,96.34,97.05,95.31,96.76,972814
2023-07-14,APPN,50.46,52.19,49.95,51.65,253880
2023-07-14,W,69.51,73.78,68.46,71.95,5192972
2023-07-14,SNAP,13.15,13.63,13.0,13.49,27022937
2023-07-13,BABA,96.61,97.005,94.6,95.03,24021402
2023-07-13,ETSY,93.15,94.54,92.29,92.85,3045062
2023-07-13,SWK,96.71,97.73,95.61,96.08,1263875
2023-07-13,APPN,51.83,52.5899,50.59,50.59,217824
2023-07-13,W,72.18,72.48,68.99,69.63,5555925
2023-07-13,SNAP,13.51,13.89,13.5,13.58,40065253
2023-07-12,BABA,94.0,95.03,92.55,94.11,24161384
2023-07-12,ETSY,91.5,95.43,91.49,95.27,3060220
2023-07-12,SWK,96.08,99.145,96.06,98.87,1708593
2023-07-12,APPN,50.37,52.13,49.64,52.0,290325
2023-07-12,W,68.84,70.59,67.25,69.49,3870312
2023-07-12,SNAP,13.37,13.62,12.945,13.06,40584310
2023-07-11,BABA,91.79,92.32,89.01,91.02,20768841
2023-07-11,ETSY,93.71,94.82,88.695,88.76,6238155
2023-07-11,SWK,97.22,97.55,93.915,94.29,2198351
2023-07-11,APPN,51.01,51.2564,50.06,50.6,253377
2023-07-11,W,68.0,68.71,65.06,65.32,5834570
2023-07-11,SNAP,12.74,13.08,11.91,11.94,43989798
2023-07-10,BABA,90.56,92.04,89.6,90.05,25401783
2023-07-10,ETSY,85.83,85.86,81.9,82.28,2527151
2023-07-10,SWK,93.67,93.67,89.87,89.99,1377869
2023-07-10,APPN,50.36,50.36,48.12,48.14,265669
2023-07-10,W,65.46,65.69,60.75,61.2,4534470
2023-07-10,SNAP,11.78,11.98,11.655,11.77,20146437
2023-07-07,BABA,90.55,91.57,86.63,86.76,46992145
2023-07-07,ETSY,82.76,83.9299,82.6,83.0,3143370
2023-07-07,SWK,90.18,91.44,88.64,89.28,1414518
2023-07-07,APPN,48.52,49.47,48.02,48.02,291223
2023-07-07,W,61.62,62.05,58.0,58.07,5679366
2023-07-07,SNAP,11.68,12.05,11.64,11.91,24289380
2023-07-06,BABA,83.84,83.95,82.64,83.12,12943666
2023-07-06,ETSY,82.91,83.955,81.96,83.06,2928959
2023-07-06,SWK,89.34,89.71,87.91,89.51,1430071
2023-07-06,APPN,47.76,47.85,46.3,47.7,186289
2023-07-06,W,57.51,62.09,56.46,61.965,9317621
2023-07-06,SNAP,11.91,12.14,11.76,11.97,22906822
2023-07-05,BABA,84.3,84.69,82.82,83.98,11203853
2023-07-05,ETSY,85.15,85.36,82.4,84.89,3321987
2023-07-05,SWK,90.5,91.92,90.29,91.57,1862974
2023-07-05,APPN,48.52,48.98,47.2319,47.61,178257
2023-07-05,W,63.85,67.86,63.21,67.86,6842254
2023-07-05,SNAP,12.12,12.35,11.88,11.91,20616583
2023-07-03,BABA,84.07,85.635,84.0,84.87,11514390
2023-07-03,ETSY,85.4,85.83,83.85,85.25,2194207
2023-07-03,SWK,92.49,93.795,92.05,93.13,947179
2023-07-03,APPN,48.33,48.41,47.27,47.49,95376
2023-07-03,W,68.31,68.36,65.57,65.57,2381530
2023-07-03,SNAP,12.02,12.02,11.84,11.9,8881951
2023-06-30,BABA,83.35,84.23,83.01,83.23,12174290
2023-06-30,ETSY,84.61,86.785,84.21,86.68,3067311
2023-06-30,SWK,93.71,95.6313,93.63,95.28,1652632
2023-06-30,APPN,47.6,48.99,47.44,48.52,185459
2023-06-30,W,65.01,66.29,63.59,65.14,4829623
2023-06-30,SNAP,11.84,12.1,11.75,11.78,23685466
2023-06-29,BABA,83.55,83.99,83.0,83.39,13362547
2023-06-29,ETSY,85.73,87.9499,84.94,87.49,1954462
2023-06-29,SWK,94.61,94.95,91.75,91.85,2119449
2023-06-29,APPN,47.96,48.69,47.5,48.0,165172
2023-06-29,W,62.89,65.14,62.55,62.86,4686851
2023-06-29,SNAP,11.68,12.04,11.58,11.95,23006694
2023-06-28,BABA,84.59,85.75,84.38,85.75,14113822
2023-06-28,ETSY,87.45,88.8772,86.04,87.26,1998577
2023-06-28,SWK,92.12,93.49,91.445,93.2299,1088636
2023-06-28,APPN,48.23,49.09,47.013,47.16,181617
2023-06-28,W,62.5,65.09,62.23,63.2,4259603
2023-06-28,SNAP,11.65,11.7,11.415,11.56,27254998
2023-06-27,BABA,87.13,87.615,86.715,86.82,13994520
2023-06-27,ETSY,87.49,87.85,85.0901,85.15,2525885
2023-06-27,SWK,92.71,93.0,89.17,89.77,1735004
2023-06-27,APPN,47.22,47.71,46.17,46.52,191063
2023-06-27,W,63.77,65.08,59.625,60.04,5768203
2023-06-27,SNAP,11.48,11.62,11.12,11.36,31107056
2023-06-26,BABA,85.47,86.71,85.21,85.32,10808685
2023-06-26,ETSY,84.57,89.65,84.5,88.9899,4037667
2023-06-26,SWK,89.51,89.96,87.56,87.8,1024629
2023-06-26,APPN,46.11,47.92,45.97,47.67,183507
2023-06-26,W,59.47,60.6968,57.02,57.02,4565814
2023-06-26,SNAP,11.21,11.4,10.7,10.73,34008177
2023-06-23,BABA,84.92,85.938,84.37,85.81,14907127
2023-06-23,ETSY,88.93,91.92,88.81,91.28,4755107
2023-06-23,SWK,87.81,88.19,86.11,86.4,1390777
2023-06-23,APPN,47.29,47.795,47.01,47.19,393817
2023-06-23,W,57.34,58.91,55.91,56.9,6130793
2023-06-23,SNAP,10.82,11.15,10.386,10.4,27763588
2023-06-22,BABA,86.89,87.315,85.32,86.78,10272698
2023-06-22,ETSY,92.14,93.845,91.21,93.78,2841793
2023-06-22,SWK,87.2,88.1003,86.3943,88.0,989277
2023-06-22,APPN,48.26,49.55,47.38,48.08,390350
2023-06-22,W,57.09,57.35,54.5201,55.045,3729353
2023-06-22,SNAP,10.64,10.64,10.16,10.17,20672647
2023-06-21,BABA,86.77,89.16,86.62,87.38,15159909
2023-06-21,ETSY,94.63,97.03,93.922,95.66,2982881
2023-06-21,SWK,88.58,90.06,88.31,88.75,1125522
2023-06-21,APPN,48.27,51.96,48.22,51.96,571392
2023-06-21,W,55.37,57.45,54.11,56.53,3806236
2023-06-21,SNAP,10.23,10.62,10.145,10.55,21488116
2023-06-20,BABA,87.93,90.2,87.32,89.83,23382865
2023-06-20,ETSY,96.19,98.0,94.78,95.11,3249148
2023-06-20,SWK,89.38,90.16,88.56,90.01,1687839
2023-06-20,APPN,51.96,52.84,50.7,52.04,370528
2023-06-20,W,56.52,58.0,54.02,55.49,4941470
2023-06-20,SNAP,10.58,10.76,10.38,10.58,21910107
2023-06-16,BABA,92.1,94.29,91.52,94.0,25087713
2023-06-16,ETSY,94.6,96.5,93.3224,96.46,4247954
2023-06-16,SWK,90.9,92.05,89.84,91.71,2678557
2023-06-16,APPN,52.57,54.0,51.9,53.93,600607
2023-06-16,W,55.28,55.56,53.33,53.76,5112373
2023-06-16,SNAP,10.68,10.835,10.42,10.76,28859538
2023-06-15,BABA,92.2,92.77,90.6,91.46,26570478
2023-06-15,ETSY,95.97,96.65,93.37,94.42,2425100
2023-06-15,SWK,91.48,92.13,88.76,88.99,2186767
2023-06-15,APPN,53.27,53.45,51.505,51.84,394039
2023-06-15,W,53.34,54.61,51.86,52.98,4134513
2023-06-15,SNAP,10.66,10.69,9.96,9.98,30121512
2023-06-14,BABA,89.36,90.12,87.71,87.97,21519342
2023-06-14,ETSY,95.06,95.5,92.54,93.12,3067653
2023-06-14,SWK,89.09,90.9299,88.4,89.54,2964059
2023-06-14,APPN,52.5,54.26,52.16,53.91,597794
2023-06-14,W,52.73,54.35,50.85,51.64,6818157
2023-06-14,SNAP,10.25,10.3884,10.07,10.3,17098926
2023-06-13,BABA,87.51,89.22,87.25,87.96,16814142
2023-06-13,ETSY,92.84,93.51,89.85,91.26,3586550
2023-06-13,SWK,88.96,89.8,86.21,86.27,2325744
2023-06-13,APPN,53.895,54.03,49.9,50.0,580282
2023-06-13,W,51.36,52.08,49.62,52.07,9281329
2023-06-13,SNAP,10.32,10.43,10.14,10.39,17588565
2023-06-12,BABA,85.86,87.29,85.63,86.01,11575889
2023-06-12,ETSY,90.51,91.895,87.64,91.89,3499488
2023-06-12,SWK,85.31,86.75,84.25,84.99,1112779
2023-06-12,APPN,49.25,49.7,48.65,48.75,468147
2023-06-12,W,51.23,52.61,49.73,52.42,7235789
2023-06-12,SNAP,10.23,10.24,10.02,10.21,18653161
2023-06-09,BABA,85.5,86.8377,85.065,86.06,12903414
2023-06-09,ETSY,91.24,93.59,90.4,91.87,5604726
2023-06-09,SWK,84.6,86.44,84.13,86.32,1177793
2023-06-09,APPN,48.11,50.14,47.58,47.98,482059
2023-06-09,W,52.1,55.36,51.55,54.2,6960138
2023-06-09,SNAP,10.09,10.58,10.02,10.15,26631555
2023-06-08,BABA,86.14,86.95,85.17,85.17,11280953
2023-06-08,ETSY,87.56,87.9799,84.74,86.39,2715775
2023-06-08,SWK,86.33,87.14,85.17,86.43,1569368
2023-06-08,APPN,47.75,48.01,45.02,46.01,438253
2023-06-08,W,52.95,54.3799,50.35,50.41,8471596
2023-06-08,SNAP,10.04,10.21,10.02,10.19,16868277
2023-06-07,BABA,85.28,86.95,85.09,85.72,12886683
2023-06-07,ETSY,87.57,92.7399,87.305,91.79,3304495
2023-06-07,SWK,86.91,87.66,82.535,82.7,2450355
2023-06-07,APPN,46.22,47.99,45.9,46.79,714245
2023-06-07,W,49.3,52.97,48.63,52.58,10782978
2023-06-07,SNAP,10.19,10.64,10.09,10.56,18951933
2023-06-06,BABA,86.7,87.06,83.37,83.5,18451961
2023-06-06,ETSY,90.05,91.8,85.22,85.26,4287596
2023-06-06,SWK,81.94,82.03,78.51,78.97,1354157
2023-06-06,APPN,46.04,46.56,43.81,43.87,603229
2023-06-06,W,49.44,49.97,45.63,45.83,8293947
2023-06-06,SNAP,10.51,10.63,10.34,10.43,16523188
2023-06-05,BABA,84.4,84.57,83.24,83.99,8204016
2023-06-05,ETSY,85.25,87.07,84.57,84.86,2741043
2023-06-05,SWK,79.3,80.83,78.57,80.83,1360683
2023-06-05,APPN,44.14,45.42,43.535,45.03,347299
2023-06-05,W,46.25,46.45,41.9225,43.2,5829552
2023-06-05,SNAP,10.51,10.7,10.3,10.32,15119821
2023-06-02,BABA,84.27,86.03,84.14,85.08,17616090
2023-06-02,ETSY,85.01,86.24,82.8,83.34,3539625
2023-06-02,SWK,80.73,80.89,76.55,76.62,1947470
2023-06-02,APPN,45.64,46.3,44.66,45.0,454468
2023-06-02,W,43.21,44.9,42.39,44.57,4712312
2023-06-02,SNAP,10.41,10.585,10.29,10.47,20859544
2023-06-01,BABA,83.0,84.0,79.35,79.35,23217608
2023-06-01,ETSY,81.99,82.5799,80.7,81.25,3398195
2023-06-01,SWK,76.14,76.685,73.87,75.57,2155732
2023-06-01,APPN,44.45,44.81,41.785,42.34,407959
2023-06-01,W,43.01,43.785,39.08,39.98,6935646
2023-06-01,SNAP,10.33,10.46,10.01,10.06,16856544
2023-05-31,BABA,79.55,79.665,77.77,79.58,16206283
2023-05-31,ETSY,81.05,83.55,80.44,82.23,5132745
2023-05-31,SWK,74.97,77.81,74.84,77.17,3065851
2023-05-31,APPN,42.83,43.25,41.15,41.15,757545
2023-05-31,W,40.32,41.38,37.85,40.17,5243447
2023-05-31,SNAP,10.2,10.23,9.83,10.05,30412373
2023-05-30,BABA,78.67,80.7,78.17,80.12,21209566
2023-05-30,ETSY,82.49,86.28,82.375,86.13,3378193
2023-05-30,SWK,77.48,79.55,77.28,79.25,939067
2023-05-30,APPN,41.46,41.925,40.83,41.21,240105
2023-05-30,W,40.76,40.81,38.06,38.52,7542355
2023-05-30,SNAP,10.22,10.54,10.13,10.39,20578322
2023-05-26,BABA,80.97,81.5655,78.4,79.9,16419963
2023-05-26,ETSY,85.53,87.34,84.955,86.68,3456948
2023-05-26,SWK,78.7,79.02,76.41,77.77,1253383
2023-05-26,APPN,40.56,41.46,40.15,40.15,224815
2023-05-26,W,36.42,37.02,34.82,34.95,3645251
2023-05-26,SNAP,10.28,10.4,9.84,9.87,20385422
2023-05-25,BABA,78.78,80.71,78.12,80.59,21811561
2023-05-25,ETSY,86.23,88.4,84.92,87.76,2389348
2023-05-25,SWK,77.56,80.44,76.935,79.76,1237254
2023-05-25,APPN,40.23,41.99,40.065,41.58,208745
2023-05-25,W,34.87,36.25,34.27,35.756,2935848
2023-05-25,SNAP,9.78,10.0693,9.77,9.92,18990989
2023-05-24,BABA,81.21,82.6,80.88,82.165,17045795
2023-05-24,ETSY,87.66,88.6911,86.0,88.25,2221465
2023-05-24,SWK,79.29,81.15,78.91,81.15,1094599
2023-05-24,APPN,40.91,41.12,39.89,39.97,349784
2023-05-24,W,35.06,35.97,34.1,34.8,2719545
2023-05-24,SNAP,9.8,9.93,9.61,9.68,13300459
2023-05-23,BABA,82.88,84.975,82.7,84.16,19917788
2023-05-23,ETSY,88.03,90.775,87.92,89.49,3170250
2023-05-23,SWK,81.33,83.335,80.37,81.01,1409654
2023-05-23,APPN,40.41,41.9,40.37,41.05,243137
2023-05-23,W,35.21,36.96,34.3,34.5,5903564
2023-05-23,SNAP,9.8,9.92,9.62,9.68,14442495
2023-05-22,BABA,86.1,87.48,85.65,85.67,16951329
2023-05-22,ETSY,90.02,90.785,88.0,88.95,3304900
2023-05-22,SWK,81.75,82.07,80.75,81.59,1169637
2023-05-22,APPN,41.13,41.67,39.0783,39.27,380728
2023-05-22,W,34.4,35.3399,33.85,35.18,4643756
2023-05-22,SNAP,9.76,9.97,9.665,9.73,17640569
2023-05-19,BABA,83.98,85.2,83.48,83.85,21571832
2023-05-19,ETSY,89.1,92.5,88.23,92.5,4037453
2023-05-19,SWK,81.61,83.75,80.89,83.75,1253418
2023-05-19,APPN,39.22,39.44,38.88,39.37,363573
2023-05-19,W,35.3,38.25,35.28,38.1,6899335
2023-05-19,SNAP,9.72,9.73,9.48,9.58,19546381
2023-05-18,BABA,85.77,91.0,85.0,90.81,60258607
2023-05-18,ETSY,92.39,94.694,90.85,94.64,4320849
2023-05-18,SWK,83.14,83.48,81.02,81.71,1457563
2023-05-18,APPN,39.24,39.3625,37.52,37.98,368535
2023-05-18,W,38.6,38.74,36.755,37.39,4948989
2023-05-18,SNAP,9.69,9.75,9.2,9.21,32407429
2023-05-17,BABA,90.68,91.43,88.01,88.46,27670688
2023-05-17,ETSY,94.99,96.49,91.0926,92.63,3457562
2023-05-17,SWK,81.77,81.94,78.88,78.95,1481661
2023-05-17,APPN,37.86,37.99,35.58,36.0,317834
2023-05-17,W,37.14,37.3099,34.825,35.66,4634438
2023-05-17,SNAP,9.37,9.39,8.7,8.73,37859035
2023-05-16,BABA,88.76,89.3699,87.06,87.11,18177862
2023-05-16,ETSY,92.65,95.17,91.34,95.01,3884919
2023-05-16,SWK,78.75,78.93,76.2899,77.36,2080568
2023-05-16,APPN,35.9,36.0,35.28,35.68,197007
2023-05-16,W,35.59,36.1699,34.57,36.11,4066973
2023-05-16,SNAP,8.61,8.69,8.395,8.59,20332750
2023-05-15,BABA,88.34,88.4,85.8329,87.13,23691178
2023-05-15,ETSY,97.85,98.11,93.5001,94.17,4106319
2023-05-15,SWK,79.09,79.51,78.46,78.91,1429103
2023-05-15,APPN,36.06,36.28,35.0,35.32,182744
2023-05-15,W,36.71,37.06,34.4001,34.62,4744342
2023-05-15,SNAP,8.7,8.74,8.435,8.49,16590345
2023-05-12,BABA,85.34,86.71,84.76,86.71,19042794
2023-05-12,ETSY,94.68,97.89,94.105,96.61,3788194
2023-05-12,SWK,78.79,80.91,77.19,80.87,1797033
2023-05-12,APPN,35.46,36.68,35.02,36.41,303145
2023-05-12,W,34.76,36.17,33.985,36.17,5713235
2023-05-12,SNAP,8.55,8.81,8.45,8.75,17644845
2023-05-11,BABA,87.89,88.48,84.82,85.43,28104158
2023-05-11,ETSY,96.36,96.56,94.03,95.13,2263491
2023-05-11,SWK,80.45,80.835,79.4,80.65,1269596
2023-05-11,APPN,36.7,37.3,35.9,37.18,276818
2023-05-11,W,36.44,36.94,35.53,36.0,6532355
2023-05-11,SNAP,8.75,8.8,8.56,8.67,19587014
2023-05-10,BABA,82.95,84.5,81.77,82.14,16868062
2023-05-10,ETSY,94.84,95.68,92.6522,94.08,2616644
2023-05-10,SWK,81.15,83.37,79.59,83.11,1618732
2023-05-10,APPN,37.47,38.23,35.89,37.44,762815
2023-05-10,W,35.86,37.15,34.01,36.74,13524352
2023-05-10,SNAP,8.7,8.73,8.4204,8.49,38351345
2023-05-09,BABA,82.22,82.66,80.15,80.545,13457351
2023-05-09,ETSY,92.71,93.42,91.6185,91.84,2520257
2023-05-09,SWK,81.71,83.26,81.42,83.26,1700075
2023-05-09,APPN,35.64,36.6,34.425,35.15,608402
2023-05-09,W,36.64,38.78,36.47,37.7,12429270
2023-05-09,SNAP,8.27,8.36,8.15,8.26,21062740
2023-05-08,BABA,83.31,83.7,82.34,83.63,17392861
2023-05-08,ETSY,92.78,95.49,90.06,90.13,4802429
2023-05-08,SWK,84.21,85.96,83.11,85.47,1566299
2023-05-08,APPN,35.5,35.66,33.93,33.93,309731
2023-05-08,W,39.97,40.99,38.55,40.02,4129568
2023-05-08,SNAP,8.42,8.495,8.19,8.31,21828090
2023-05-05,BABA,83.22,83.38,82.03,82.75,17527620
2023-05-05,ETSY,90.0,95.865,89.14,93.7,6998177
2023-05-05,SWK,85.47,88.0077,84.555,87.36,1874345
2023-05-05,APPN,33.96,34.86,33.89,34.3,326813
2023-05-05,W,40.19,41.75,36.61,36.72,9478101
2023-05-05,SNAP,8.23,8.31,7.9,8.03,30314793
2023-05-04,BABA,82.49,83.13,81.8,82.39,23773830
2023-05-04,ETSY,92.55,96.845,90.74,96.54,8317879
2023-05-04,SWK,86.18,88.88,84.63,88.25,2673548
2023-05-04,APPN,33.73,35.27,32.82,35.23,724266
2023-05-04,W,36.22,37.8,34.49,35.1,14353814
2023-05-04,SNAP,7.91,8.09,7.86,8.04,29079577
2023-05-03,BABA,81.48,82.0,80.49,81.305,17759399
2023-05-03,ETSY,98.965,102.31,98.06,99.19,6566558
2023-05-03,SWK,86.54,88.5475,85.645,85.98,2005550
2023-05-03,APPN,35.17,37.35,35.0001,36.48,661685
2023-05-03,W,31.29,32.98,30.7,31.25,5101968
2023-05-03,SNAP,8.07,8.35,8.02,8.28,40353934
2023-05-02,BABA,81.53,83.28,80.6538,83.15,20689482
2023-05-02,ETSY,99.19,99.64,94.38,94.56,3590548
2023-05-02,SWK,85.49,86.81,84.4365,86.75,1885431
2023-05-02,APPN,36.31,38.06,36.31,37.89,327691
2023-05-02,W,31.64,32.965,29.51,30.74,8810599
2023-05-02,SNAP,8.31,8.67,8.27,8.58,41246424
2023-05-01,BABA,84.16,85.28,83.7711,84.15,12909246
2023-05-01,ETSY,96.27,100.91,95.44,100.36,3951377
2023-05-01,SWK,86.78,87.75,86.3825,86.44,1840858
2023-05-01,APPN,38.12,38.41,37.0,37.38,331912
2023-05-01,W,32.27,34.64,32.24,34.61,7399683
2023-05-01,SNAP,8.73,8.93,8.53,8.78,42409911
2023-04-28,BABA,84.69,85.08,83.87,84.18,18109260
2023-04-28,ETSY,101.03,101.2,98.71,100.69,2525708
2023-04-28,SWK,86.34,86.57,82.45,82.69,3090797
2023-04-28,APPN,37.55,37.74,35.77,36.81,283894
2023-04-28,W,34.83,36.34,34.72,36.34,5005594
2023-04-28,SNAP,8.71,8.71,8.41,8.62,95969872
2023-04-27,BABA,84.47,84.64,82.64,83.07,24506825
2023-04-27,ETSY,100.49,101.38,99.24,100.215,3125153
2023-04-27,SWK,82.35,82.36,78.45,78.56,2220595
2023-04-27,APPN,36.83,37.14,35.7161,36.19,213643
2023-04-27,W,36.48,36.8,35.135,35.86,3538291
2023-04-27,SNAP,10.5,10.7,9.87,10.14,107216577
2023-04-26,BABA,82.82,85.22,82.76,85.04,24983000
2023-04-26,ETSY,97.77,100.64,97.35,99.35,2237589
2023-04-26,SWK,77.26,78.95,76.875,77.47,1080778
2023-04-26,APPN,35.78,37.0,35.58,36.51,215835
2023-04-26,W,35.05,36.79,34.78,36.44,3289800
2023-04-26,SNAP,9.88,10.4,9.81,10.4,37987634
2023-04-25,BABA,82.92,85.7,82.212,85.32,36441347
2023-04-25,ETSY,98.37,102.32,98.11,101.73,2132965
2023-04-25,SWK,77.66,79.74,77.61,79.25,930106
2023-04-25,APPN,35.89,37.79,35.76,37.79,335651
2023-04-25,W,35.81,37.37,35.78,36.8,2373356
2023-04-25,SNAP,10.16,10.33,10.125,10.19,18736750
2023-04-24,BABA,86.89,88.48,86.04,88.4,22757093
2023-04-24,ETSY,102.84,103.25,101.565,102.63,2708494
2023-04-24,SWK,79.85,80.7702,79.06,80.58,793607
2023-04-24,APPN,38.28,40.0,37.54,39.84,322090
2023-04-24,W,37.02,38.3432,35.47,37.06,3296415
2023-04-24,SNAP,10.22,10.2662,9.92,10.02,15394572
2023-04-21,BABA,89.13,90.19,88.3,89.96,23097341
2023-04-21,ETSY,102.05,103.17,101.3368,102.45,2277266
2023-04-21,SWK,80.0,80.43,79.06,80.31,1059086
2023-04-21,APPN,40.0,40.27,39.61,39.77,174905
2023-04-21,W,36.87,37.11,35.96,36.75,2397196
2023-04-21,SNAP,10.01,10.34,9.98,10.2,26418570
2023-04-20,BABA,90.74,93.79,90.05,93.35,25533867
2023-04-20,ETSY,102.24,104.93,100.6,100.76,2673885
2023-04-20,SWK,79.83,80.45,78.66,79.64,1237224
2023-04-20,APPN,39.91,40.41,39.6,39.82,190715
2023-04-20,W,36.64,37.08,35.41,35.49,2781421
2023-04-20,SNAP,10.14,10.875,10.12,10.8,34102819
2023-04-19,BABA,93.49,94.82,92.95,94.6,18985229
2023-04-19,ETSY,102.38,103.4999,100.5,100.62,2383822
2023-04-19,SWK,80.3,80.41,79.41,80.0,1076688
2023-04-19,APPN,40.51,40.87,39.76,40.09,155877
2023-04-19,W,36.57,36.8799,34.52,35.14,3064866
2023-04-19,SNAP,10.98,11.4,10.85,10.85,28011599
2023-04-18,BABA,95.49,99.17,95.1805,99.02,20672320
2023-04-18,ETSY,102.17,104.73,101.89,104.25,1973568
2023-04-18,SWK,80.94,81.37,79.86,80.12,1325890
2023-04-18,APPN,40.71,41.21,40.26,41.21,195470
2023-04-18,W,36.08,36.85,35.75,36.16,3788837
2023-04-18,SNAP,11.04,11.34,11.01,11.15,26453052
2023-04-17,BABA,96.42,97.23,95.49,96.74,15714118
2023-04-17,ETSY,103.12,103.55,102.075,102.49,1824646
2023-04-17,SWK,79.65,80.0,78.735,79.26,922130
2023-04-17,APPN,40.52,40.86,40.19,40.3,176759
2023-04-17,W,35.64,35.9768,34.33,34.64,2885209
2023-04-17,SNAP,10.88,10.88,10.57,10.6,20609359
2023-04-14,BABA,94.55,96.12,93.84,95.63,14098698
2023-04-14,ETSY,102.53,103.63,99.67,100.34,2749848
2023-04-14,SWK,79.42,81.29,78.4,79.5,1360533
2023-04-14,APPN,40.36,41.47,39.76,41.33,199488
2023-04-14,W,34.81,35.88,34.0402,34.94,2551087
2023-04-14,SNAP,10.69,10.95,10.55,10.67,19894848
2023-04-13,BABA,96.17,97.19,95.095,95.875,24231741
2023-04-13,ETSY,100.72,101.9889,99.79,101.5,2788188
2023-04-13,SWK,79.28,79.632,77.65,78.36,1474374
2023-04-13,APPN,41.66,41.85,40.81,40.81,267894
2023-04-13,W,35.12,35.94,34.271,34.68,3282302
2023-04-13,SNAP,10.74,11.02,10.71,10.79,18569680
2023-04-12,BABA,93.84,98.89,93.58,97.82,35515995
2023-04-12,ETSY,100.16,105.29,99.41,105.224,2887288
2023-04-12,SWK,78.11,80.0,77.93,79.79,1587380
2023-04-12,APPN,40.35,42.65,40.19,42.29,257467
2023-04-12,W,34.06,37.45,33.95,36.69,3504619
2023-04-12,SNAP,10.62,10.78,10.36,10.69,21840297
2023-04-11,BABA,99.76,102.54,99.2,102.46,19017682
2023-04-11,ETSY,103.64,104.67,101.81,102.74,1903396
2023-04-11,SWK,78.7,79.21,77.935,78.04,1349652
2023-04-11,APPN,41.38,42.025,40.23,41.82,252032
2023-04-11,W,35.71,36.31,34.65,35.43,3571086
2023-04-11,SNAP,10.56,10.73,10.39,10.4,19691792
2023-04-10,BABA,101.54,102.83,100.59,100.62,16308327
2023-04-10,ETSY,103.04,104.36,101.66,103.64,2787294
2023-04-10,SWK,77.47,77.48,73.88,74.0,1703904
2023-04-10,APPN,41.91,41.92,40.225,41.56,276868
2023-04-10,W,35.4,35.6599,33.01,33.35,4417589
2023-04-10,SNAP,10.36,10.42,10.16,10.36,18457472
2023-04-06,BABA,102.74,103.24,98.27,98.53,26849216
2023-04-06,ETSY,104.06,104.725,100.74,103.96,3123794
2023-04-06,SWK,74.29,74.55,73.27,74.47,1404231
2023-04-06,APPN,42.18,42.4,40.49,40.98,271991
2023-04-06,W,33.67,34.8684,32.83,34.15,3530421
2023-04-06,SNAP,10.56,10.69,10.23,10.35,16512787
2023-04-05,BABA,98.55,100.45,97.66,99.24,20117745
2023-04-05,ETSY,105.27,108.7957,104.4,108.72,2723480
2023-04-05,SWK,74.47,76.59,73.91,76.46,1840620
2023-04-05,APPN,40.845,43.26,40.445,43.26,227232
2023-04-05,W,34.44,35.6785,33.64,35.06,2965469
2023-04-05,SNAP,10.39,10.9,10.33,10.85,21294505
2023-04-04,BABA,100.72,101.47,97.26,98.94,26868408
2023-04-04,ETSY,109.64,114.73,109.295,114.71,4973456
2023-04-04,SWK,77.13,79.93,76.38,79.92,1297755
2023-04-04,APPN,43.58,44.5,43.19,44.17,204216
2023-04-04,W,35.84,36.69,34.61,36.49,3670955
2023-04-04,SNAP,11.0,11.47,10.8803,11.34,18604093
2023-04-03,BABA,98.39,101.75,97.61,100.89,26888141
2023-04-03,ETSY,108.25,110.715,105.88,110.45,2409968
2023-04-03,SWK,79.44,80.61,78.6532,80.29,1470380
2023-04-03,APPN,43.995,44.4999,43.01,43.93,226639
2023-04-03,W,35.85,36.03,33.72,34.45,4432032
2023-04-03,SNAP,11.24,11.305,10.98,11.07,15085383
2023-03-31,BABA,102.18,103.6,101.132,102.86,28382576
2023-03-31,ETSY,111.33,111.61,108.61,109.21,2673429
2023-03-31,SWK,80.58,80.73,78.19,78.45,1427717
2023-03-31,APPN,44.38,45.0,42.58,42.58,364864
2023-03-31,W,34.34,34.85,32.0002,32.64,4657492
2023-03-31,SNAP,11.21,11.26,10.805,10.92,22284205
2023-03-30,BABA,103.38,105.05,100.5,101.34,57780699
2023-03-30,ETSY,108.78,110.965,107.88,109.99,2384929
2023-03-30,SWK,77.76,79.34,77.41,79.05,1178875
2023-03-30,APPN,42.31,43.0111,41.67,42.49,185946
2023-03-30,W,32.48,34.39,31.59,34.04,8074467
2023-03-30,SNAP,10.91,11.0,10.67,10.85,22164168
2023-03-29,BABA,99.92,101.33,96.28,97.59,53695033
2023-03-29,ETSY,107.67,107.81,105.18,106.46,1635805
2023-03-29,SWK,77.91,78.4,77.54,77.92,1316779
2023-03-29,APPN,42.0,42.25,40.57,41.06,241418
2023-03-29,W,33.38,34.48,32.31,33.85,4918178
2023-03-29,SNAP,10.78,11.19,10.64,11.18,38808232
2023-03-28,BABA,98.4,99.51,92.06,95.35,118875179
2023-03-28,ETSY,105.06,107.18,104.94,105.61,2012083
2023-03-28,SWK,76.76,77.51,76.26,76.53,1044136
2023-03-28,APPN,40.33,40.39,39.83,40.29,164400
2023-03-28,W,33.08,34.5515,32.7301,33.43,4270398
2023-03-28,SNAP,11.06,11.7,10.88,11.61,31806330
2023-03-27,BABA,86.12,88.22,85.5,87.13,18258302
2023-03-27,ETSY,104.88,107.45,103.24,107.45,3083917
2023-03-27,SWK,76.42,76.92,74.99,75.51,1916364
2023-03-27,APPN,40.61,41.0,39.84,40.53,168731
2023-03-27,W,33.35,34.79,32.13,34.51,4859229
2023-03-27,SNAP,11.74,12.09,11.5601,11.65,25453292
2023-03-24,BABA,86.9,88.11,85.63,85.87,20349646
2023-03-24,ETSY,106.85,109.1161,105.11,109.0,2769985
2023-03-24,SWK,74.25,75.18,73.12,74.33,2241044
2023-03-24,APPN,40.2,40.75,38.77,40.26,324860
2023-03-24,W,34.24,34.7937,32.73,33.8,3167148
2023-03-24,SNAP,11.56,11.735,11.32,11.45,19236663
2023-03-23,BABA,86.52,88.38,85.26,87.68,26861427
2023-03-23,ETSY,110.09,116.15,109.68,113.28,3518107
2023-03-23,SWK,75.47,77.7,74.79,76.9,1766397
2023-03-23,APPN,40.67,41.65,40.08,40.25,235549
2023-03-23,W,34.2,35.47,33.01,33.33,5054642
2023-03-23,SNAP,11.39,12.11,11.16,11.56,39608906
2023-03-22,BABA,83.65,85.39,83.51,84.84,21204671
2023-03-22,ETSY,110.96,115.2999,110.82,113.34,2539879
2023-03-22,SWK,76.55,79.79,76.48,79.39,2140341
2023-03-22,APPN,39.73,41.5599,39.72,41.44,159959
2023-03-22,W,32.58,35.17,32.56,33.765,5115791
2023-03-22,SNAP,11.05,11.7,11.02,11.35,21179586
2023-03-21,BABA,83.7,84.0875,82.0,82.46,16529397
2023-03-21,ETSY,112.71,113.12,109.4399,109.95,3455981
2023-03-21,SWK,79.67,81.77,79.15,79.65,1919048
2023-03-21,APPN,41.57,41.85,40.76,41.08,241604
2023-03-21,W,33.44,34.18,32.12,32.3,4929491
2023-03-21,SNAP,11.38,11.47,10.73,10.75,23426522
2023-03-20,BABA,81.0,81.9,79.48,80.15,19536496
2023-03-20,ETSY,108.36,108.605,103.34,104.43,3988229
2023-03-20,SWK,78.64,78.76,77.59,77.69,2200191
2023-03-20,APPN,40.61,41.51,39.9322,41.5,227350
2023-03-20,W,31.36,32.73,30.595,31.41,3974556
2023-03-20,SNAP,10.66,10.9193,10.47,10.75,17665605
2023-03-17,BABA,81.67,84.16,80.62,84.0,23711136
2023-03-17,ETSY,105.34,105.84,103.39,104.04,3176030
2023-03-17,SWK,77.69,80.42,77.67,80.41,3643672
2023-03-17,APPN,41.59,42.76,41.01,42.76,529021
2023-03-17,W,31.72,32.2276,30.81,31.83,5138784
2023-03-17,SNAP,10.7,10.95,10.4,10.87,34496173
2023-03-16,BABA,82.22,82.48,80.66,81.46,22922965
2023-03-16,ETSY,104.43,105.21,101.11,102.82,3549791
2023-03-16,SWK,80.22,80.76,78.4001,78.64,2163009
2023-03-16,APPN,42.73,43.155,40.87,40.96,321597
2023-03-16,W,32.51,33.05,30.75,31.96,6494764
2023-03-16,SNAP,11.09,11.18,10.38,10.75,52589457
2023-03-15,BABA,81.51,82.54,80.15,81.55,21025307
2023-03-15,ETSY,104.74,105.1999,100.16,101.73,3586698
2023-03-15,SWK,79.8,80.33,77.975,78.44,2300171
2023-03-15,APPN,41.21,41.41,39.86,40.1,299580
2023-03-15,W,32.29,32.6,30.23,30.74,7093640
2023-03-15,SNAP,10.34,10.37,9.86,10.13,22619528
2023-03-14,BABA,83.85,83.91,82.1601,82.86,20126118
2023-03-14,ETSY,102.79,107.0,101.1499,106.755,3300693
2023-03-14,SWK,80.38,82.44,79.33,82.24,1650967
2023-03-14,APPN,40.97,42.0,40.41,41.08,297741
2023-03-14,W,31.02,34.44,30.46,33.91,7407654
2023-03-14,SNAP,10.37,10.7,10.19,10.55,26552904
2023-03-13,BABA,82.9,83.755,81.97,83.01,17848336
2023-03-13,ETSY,103.71,106.37,99.24,103.015,5646036
2023-03-13,SWK,80.27,81.93,79.03,79.95,2050768
2023-03-13,APPN,40.05,41.03,38.14,38.95,323424
2023-03-13,W,32.53,34.61,30.44,31.79,6920445
2023-03-13,SNAP,10.23,10.51,9.95,10.19,27246631
2023-03-10,BABA,82.96,84.52,82.33,82.64,18123069
2023-03-10,ETSY,105.98,107.745,103.46,107.34,4762006
2023-03-10,SWK,80.72,83.24,79.47,82.48,2227306
2023-03-10,APPN,39.75,40.45,38.4,40.45,633516
2023-03-10,W,32.46,36.04,31.81,36.0,9073752
2023-03-10,SNAP,10.34,10.7,10.22,10.65,23700967
2023-03-09,BABA,83.37,85.69,82.875,85.12,24327736
2023-03-09,ETSY,107.74,110.41,105.14,107.4,6967534
2023-03-09,SWK,82.5,85.05,82.36,84.07,1795098
2023-03-09,APPN,40.78,43.93,40.78,42.86,283803
2023-03-09,W,36.23,39.222,36.1,38.06,3533164
2023-03-09,SNAP,10.66,11.35,10.58,11.08,25967083
2023-03-08,BABA,86.95,87.77,86.45,87.39,14721537
2023-03-08,ETSY,113.18,113.32,107.96,112.67,7098123
2023-03-08,SWK,84.05,84.31,82.68,83.85,1675287
2023-03-08,APPN,42.91,43.76,42.69,43.55,246421
2023-03-08,W,38.57,39.079,37.09,38.51,3520508
2023-03-08,SNAP,11.05,11.49,10.98,11.28,36499491
2023-03-07,BABA,88.73,90.05,88.2,89.52,14514657
2023-03-07,ETSY,115.89,122.5095,114.8201,119.09,3927468
2023-03-07,SWK,84.06,85.67,83.89,85.1,1297140
2023-03-07,APPN,43.57,45.1,43.26,44.5,286386
2023-03-07,W,39.01,41.35,38.75,39.03,4489563
2023-03-07,SNAP,11.72,12.67,11.69,11.71,67925807
2023-03-06,BABA,89.62,91.3001,88.03,89.585,16983867
2023-03-06,ETSY,118.78,122.41,118.58,122.05,2843557
2023-03-06,SWK,85.07,87.115,84.66,86.65,1795414
2023-03-06,APPN,44.47,45.73,44.07,45.01,350259
2023-03-06,W,39.23,41.79,39.12,40.91,3546169
2023-03-06,SNAP,11.66,12.175,10.83,10.87,81523971
2023-03-03,BABA,89.7,90.46,88.4,90.11,25834349
2023-03-03,ETSY,121.42,122.4,119.005,119.38,2997769
2023-03-03,SWK,87.26,87.76,86.045,86.19,1804140
2023-03-03,APPN,44.64,44.92,43.24,43.24,296939
2023-03-03,W,40.52,41.055,39.03,39.14,3838894
2023-03-03,SNAP,10.65,10.7,10.17,10.19,24543010
2023-03-02,BABA,89.75,90.919,87.97,88.96,25691768
2023-03-02,ETSY,118.46,119.72,116.51,117.05,2951664
2023-03-02,SWK,85.48,85.61,82.04,83.33,1721539
2023-03-02,APPN,42.74,42.8,40.08,40.91,285547
2023-03-02,W,38.85,39.63,37.72,38.56,4318116
2023-03-02,SNAP,10.1,10.14,9.8805,9.9,17610115
2023-03-01,BABA,89.95,92.92,89.73,92.92,35434898
2023-03-01,ETSY,118.28,121.07,116.2708,120.53,3440624
2023-03-01,SWK,83.73,86.4,83.52,85.87,1602949
2023-03-01,APPN,41.19,42.495,40.93,41.49,259411
2023-03-01,W,39.33,40.47,39.16,40.12,3524320
2023-03-01,SNAP,10.14,10.33,10.0293,10.15,22501930
2023-02-28,BABA,87.79,89.34,87.27,88.46,24597162
2023-02-28,ETSY,121.41,123.28,120.08,121.4,1886779
2023-02-28,SWK,85.61,86.28,84.3137,84.49,1527551
2023-02-28,APPN,41.45,42.35,41.19,41.62,265735
2023-02-28,W,40.49,41.55,38.68,39.12,6235313
2023-02-28,SNAP,10.15,10.25,9.93,9.97,32572909
2023-02-27,BABA,89.25,91.24,88.895,90.85,25839998
2023-02-27,ETSY,120.6,124.4,119.74,123.84,3736721
2023-02-27,SWK,84.59,86.75,84.16,86.25,1186649
2023-02-27,APPN,41.81,43.575,41.68,43.33,261615
2023-02-27,W,39.18,39.32,37.18,37.88,7042016
2023-02-27,SNAP,9.88,10.25,9.82,10.08,26116528
2023-02-24,BABA,89.0,91.68,88.03,90.07,36174519
2023-02-24,ETSY,124.105,129.05,123.58,127.89,3577230
2023-02-24,SWK,84.8,85.76,83.39,85.49,1603552
2023-02-24,APPN,42.44,43.15,42.095,42.58,301015
2023-02-24,W,37.43,38.34,36.05,37.7,9527130
2023-02-24,SNAP,9.81,9.94,9.68,9.85,20102150
2023-02-23,BABA,94.16,100.47,92.13,100.1,40482949
2023-02-23,ETSY,131.58,133.49,120.21,131.827,8601146
2023-02-23,SWK,86.84,87.17,84.5,85.25,2629588
2023-02-23,APPN,44.1,44.56,42.895,44.23,334252
2023-02-23,W,38.33,46.58,34.33,45.61,27610868
2023-02-23,SNAP,10.1,10.24,9.8811,10.05,23914793
2023-02-22,BABA,94.78,95.89,93.5546,95.575,24484024
2023-02-22,ETSY,128.45,129.2495,124.435,125.425,5040872
2023-02-22,SWK,84.78,85.5,83.82,83.9,1637640
2023-02-22,APPN,43.68,44.6567,42.99,43.63,408661
2023-02-22,W,49.81,49.98,48.0,48.69,5306714
2023-02-22,SNAP,9.9,9.99,9.75,9.86,17750226
2023-02-21,BABA,95.1,97.625,94.7,96.5,27172733
2023-02-21,ETSY,124.845,131.33,124.36,126.76,3415630
2023-02-21,SWK,83.74,87.91,83.7,87.43,2359511
2023-02-21,APPN,42.64,46.16,42.41,45.13,524049
2023-02-21,W,47.97,50.87,47.87,49.67,4003261
2023-02-21,SNAP,9.81,10.2579,9.79,10.14,28713248
2023-02-17,BABA,100.01,101.09,99.25,101.0,18121644
2023-02-17,ETSY,129.68,131.46,127.1583,130.4,4314098
2023-02-17,SWK,89.18,89.99,87.08,89.99,1626514
2023-02-17,APPN,45.96,47.71,45.05,46.45,806613
2023-02-17,W,51.79,52.165,50.2,50.89,3973570
2023-02-17,SNAP,10.36,10.6799,10.17,10.58,35737478
2023-02-16,BABA,103.11,104.52,102.03,102.71,21747094
2023-02-16,ETSY,130.31,140.16,129.92,138.34,5292783
2023-02-16,SWK,90.2,91.05,88.94,90.13,1820145
2023-02-16,APPN,44.86,45.9212,42.69,43.13,1025376
2023-02-16,W,51.05,54.34,51.04,52.75,3214385
2023-02-16,SNAP,10.73,11.39,10.69,10.94,50141462
2023-02-15,BABA,103.08,103.44,102.0,102.39,18910236
2023-02-15,ETSY,142.26,143.15,132.79,133.0,3058132
2023-02-15,SWK,91.94,91.99,88.65,89.0,1996717
2023-02-15,APPN,44.22,44.25,41.77,41.77,463043
2023-02-15,W,55.59,55.77,50.57,51.01,5205706
2023-02-15,SNAP,11.26,11.28,10.82,10.85,23132782
2023-02-14,BABA,104.22,104.48,101.85,103.55,12978395
2023-02-14,ETSY,133.75,137.42,130.99,134.11,2331779
2023-02-14,SWK,89.16,89.42,86.54,88.24,1403764
2023-02-14,APPN,41.87,42.4,39.39,40.31,366063
2023-02-14,W,50.37,53.2399,49.01,51.56,5888626
2023-02-14,SNAP,10.85,11.1,10.54,10.64,29261654
2023-02-13,BABA,104.79,106.35,104.15,105.99,17577825
2023-02-13,ETSY,134.75,136.25,128.57,131.99,2517299
2023-02-13,SWK,89.26,89.355,85.95,85.97,1599985
2023-02-13,APPN,40.4,41.4422,40.235,41.0,287526
2023-02-13,W,52.58,53.0371,49.56,52.02,4225738
2023-02-13,SNAP,10.71,11.15,10.63,10.8,25883272
2023-02-10,BABA,103.65,106.64,102.79,105.8,18776035
2023-02-10,ETSY,132.13,136.34,131.21,136.145,2868030
2023-02-10,SWK,85.83,86.35,83.74,84.2,1459085
2023-02-10,APPN,40.64,41.98,40.4,41.01,395335
2023-02-10,W,52.16,55.83,52.12,55.72,5640219
2023-02-10,SNAP,10.65,10.9386,10.48,10.8,25603783
2023-02-09,BABA,108.46,109.81,107.75,108.5,16281295
2023-02-09,ETSY,137.56,145.515,137.02,145.2,2489883
2023-02-09,SWK,84.75,89.14,84.11,88.61,2359158
2023-02-09,APPN,41.64,44.245,41.6,43.53,373187
2023-02-09,W,57.92,64.79,57.9,63.73,4233761
2023-02-09,SNAP,10.98,11.83,10.89,11.8,34700508
2023-02-08,BABA,105.11,107.14,103.55,107.1,14329488
2023-02-08,ETSY,144.02,145.74,142.21,144.28,1473188
2023-02-08,SWK,87.77,90.21,87.32,89.61,1699196
2023-02-08,APPN,42.79,44.41,42.73,43.6,298804
2023-02-08,W,62.46,64.75,61.5,63.25,2964611
2023-02-08,SNAP,11.56,12.29,11.55,12.17,33392460
2023-02-07,BABA,105.5,107.35,103.72,106.84,16861658
2023-02-07,ETSY,145.03,145.68,139.7,144.0,1706784
2023-02-07,SWK,90.41,91.72,88.85,91.27,2140656
2023-02-07,APPN,43.42,43.62,41.56,42.61,413938
2023-02-07,W,63.53,64.5,60.69,64.5,3614557
2023-02-07,SNAP,12.21,12.44,11.82,12.21,53492269
2023-02-06,BABA,105.45,106.28,103.22,103.82,15337475
2023-02-06,ETSY,144.54,147.7888,143.82,145.56,1394760
2023-02-06,SWK,92.17,92.62,90.81,92.61,1929538
2023-02-06,APPN,42.69,44.08,42.25,42.85,321721
2023-02-06,W,64.85,67.04,63.7,65.305,3834719
2023-02-06,SNAP,12.07,12.17,10.87,10.91,64353020
2023-02-03,BABA,106.33,109.5299,105.81,108.05,15982156
2023-02-03,ETSY,147.5,149.91,142.42,143.3,2686522
2023-02-03,SWK,93.82,94.7699,92.07,93.21,1962784
2023-02-03,APPN,43.69,45.36,43.14,43.93,326192
2023-02-03,W,67.13,71.67,66.3701,68.02,5661495
2023-02-03,SNAP,11.0,11.61,10.78,10.87,44759901
2023-02-02,BABA,109.74,112.525,107.81,112.5,23396932
2023-02-02,ETSY,148.2,148.23,142.14,143.0,3777186
2023-02-02,SWK,95.89,96.89,90.1,92.35,4116328
2023-02-02,APPN,45.67,46.444,44.89,45.0,469154
2023-02-02,W,72.73,74.25,68.01,69.33,10134169
2023-02-02,SNAP,11.4,11.68,10.62,10.8,81750228
2023-02-01,BABA,112.82,113.95,110.15,111.86,16622999
2023-02-01,ETSY,139.58,140.46,134.12,137.58,3181753
2023-02-01,SWK,91.16,91.86,87.97,88.92,2328173
2023-02-01,APPN,43.44,44.08,40.84,41.17,460186
2023-02-01,W,66.51,67.12,59.87,60.84,7224408
2023-02-01,SNAP,10.37,10.47,9.85,10.07,118212417
2023-01-31,BABA,110.2,112.08,108.81,109.42,15329975
2023-01-31,ETSY,137.58,139.08,135.6,135.6,2143940
2023-01-31,SWK,89.31,89.31,85.16,85.62,3522196
2023-01-31,APPN,41.365,41.7924,40.9,40.93,405290
2023-01-31,W,60.5,61.0,58.59,59.5,3815203
2023-01-31,SNAP,11.56,11.57,11.18,11.26,73903209
2023-01-30,BABA,111.2,113.15,109.78,111.69,21918217
2023-01-30,ETSY,134.7,139.83,134.24,136.44,2363051
2023-01-30,SWK,84.77,86.64,84.62,84.81,1713032
2023-01-30,APPN,40.92,41.86,40.702,41.86,315886
2023-01-30,W,58.68,62.9,57.25,61.68,8694002
2023-01-30,SNAP,11.09,11.16,10.69,10.8,41466408
2023-01-27,BABA,118.38,119.71,116.81,119.69,18027374
2023-01-27,ETSY,137.8,139.09,129.3,131.432,3044666
2023-01-27,SWK,86.16,86.71,83.85,84.42,1435145
2023-01-27,APPN,41.78,42.6,40.71,41.01,376521
2023-01-27,W,63.74,65.1599,55.965,55.965,10884807
2023-01-27,SNAP,10.91,11.01,10.1,10.2,52512148
2023-01-26,BABA,120.57,121.3,118.762,121.0,11170977
2023-01-26,ETSY,134.54,140.46,134.29,138.915,2394199
2023-01-26,SWK,84.42,87.01,83.865,86.83,1832486
2023-01-26,APPN,41.26,42.57,40.09,41.65,348140
2023-01-26,W,56.2,59.19,54.04,58.01,5669827
2023-01-26,SNAP,10.19,10.34,9.89,9.99,29750598
2023-01-25,BABA,120.25,120.32,117.5,118.51,9704954
2023-01-25,ETSY,135.86,136.49,131.93,133.06,1926766
2023-01-25,SWK,85.8,87.0,85.17,86.71,1611682
2023-01-25,APPN,40.57,40.6,38.79,39.78,463645
2023-01-25,W,56.19,56.6199,50.88,52.55,8504893
2023-01-25,SNAP,9.67,10.07,9.51,10.0,43033276
2023-01-24,BABA,119.44,120.0,115.0,115.0,7807114
2023-01-24,ETSY,136.68,139.31,135.5,138.02,3052857
2023-01-24,SWK,87.63,89.84,86.93,87.5,1247700
2023-01-24,APPN,40.31,41.79,40.11,40.62,458473
2023-01-24,W,54.65,60.42,53.55,53.55,13643437
2023-01-24,SNAP,10.26,10.47,10.02,10.17,21399113
2023-01-23,BABA,119.53,120.3,118.1372,120.0,13590219
2023-01-23,ETSY,139.12,140.0,132.11,132.75,2782376
2023-01-23,SWK,88.47,89.01,85.5701,86.75,1800263
2023-01-23,APPN,40.67,40.7125,38.07,38.82,346936
2023-01-23,W,59.33,59.68,53.28,53.65,27512613
2023-01-23,SNAP,10.2,10.37,9.795,9.96,21301009
2023-01-20,BABA,119.86,120.06,117.8,118.302,18342688
2023-01-20,ETSY,131.82,132.26,127.53,129.58,2475491
2023-01-20,SWK,85.83,85.87,82.89,84.09,1378018
2023-01-20,APPN,38.61,39.26,36.83,37.225,734442
2023-01-20,W,46.79,48.94,41.57,42.05,22042400
2023-01-20,SNAP,9.99,10.0,9.475,9.69,23493418
2023-01-19,BABA,116.58,117.0,113.97,114.02,18489927
2023-01-19,ETSY,128.97,132.89,127.8305,130.47,1687518
2023-01-19,SWK,83.4,87.0567,82.82,86.95,1937657
2023-01-19,APPN,36.62,37.98,36.07,36.81,473698
2023-01-19,W,38.91,40.57,38.4403,39.75,4963432
2023-01-19,SNAP,9.62,9.75,9.3053,9.33,23414566
2023-01-18,BABA,113.22,116.75,113.04,116.75,15347918
2023-01-18,ETSY,131.44,136.1671,130.74,135.06,2458280
2023-01-18,SWK,87.8,90.64,87.39,89.29,2244212
2023-01-18,APPN,37.35,38.71,36.965,37.74,615444
2023-01-18,W,41.04,44.94,41.02,44.31,3464417
2023-01-18,SNAP,9.41,9.85,9.25,9.77,23576536
2023-01-17,BABA,115.19,117.01,114.34,115.52,16945555
2023-01-17,ETSY,132.51,136.91,132.5,134.5,2892276
2023-01-17,SWK,88.7,89.82,88.4017,88.77,2794282
2023-01-17,APPN,37.14,37.29,35.45,35.99,490806
2023-01-17,W,43.02,44.75,42.51,44.5,3765462
2023-01-17,SNAP,9.67,9.8,9.3,9.73,29736167
2023-01-13,BABA,117.01,117.98,114.09,114.52,25615105
2023-01-13,ETSY,134.67,136.145,130.17,130.4,3924253
2023-01-13,SWK,88.91,89.3,85.27,85.52,1918471
2023-01-13,APPN,35.45,36.08,34.2,34.24,394633
2023-01-13,W,43.23,44.5519,41.58,41.77,6150903
2023-01-13,SNAP,9.8,9.815,9.4,9.5,16051037
2023-01-12,BABA,113.15,113.79,111.45,113.66,16590604
2023-01-12,ETSY,131.63,134.44,128.15,133.44,3314379
2023-01-12,SWK,86.27,87.0,84.55,87.0,1636513
2023-01-12,APPN,34.69,34.83,32.31,33.0,516269
2023-01-12,W,42.13,43.21,38.81,42.9,5354519
2023-01-12,SNAP,9.64,9.91,9.355,9.75,21738612
2023-01-11,BABA,115.02,115.2099,112.31,114.6,22804411
2023-01-11,ETSY,134.69,135.28,127.99,128.41,4909521
2023-01-11,SWK,85.82,85.86,84.09,84.94,1599232
2023-01-11,APPN,32.69,32.7,30.87,31.46,864245
2023-01-11,W,41.98,42.14,40.115,40.85,3463153
2023-01-11,SNAP,9.66,9.75,9.3,9.46,24151823
2023-01-10,BABA,114.88,115.48,111.21,112.97,33478575
2023-01-10,ETSY,126.93,127.34,120.32,120.79,2924018
2023-01-10,SWK,84.03,84.06,81.43,81.73,1462526
2023-01-10,APPN,31.12,31.33,30.52,30.94,366960
2023-01-10,W,40.2,40.22,37.61,37.98,4703548
2023-01-10,SNAP,9.42,9.4381,9.09,9.12,18594054
2023-01-09,BABA,110.83,113.11,108.12,111.99,42085274
2023-01-09,ETSY,120.99,124.27,120.62,122.73,2237934
2023-01-09,SWK,82.16,83.87,80.84,81.57,2577166
2023-01-09,APPN,31.28,32.59,31.0881,31.41,568401
2023-01-09,W,37.84,40.165,37.7,38.29,4687327
2023-01-09,SNAP,9.2,9.52,9.2,9.39,16666167
2023-01-06,BABA,107.4,108.0,102.46,104.11,21072355
2023-01-06,ETSY,120.59,121.97,115.77,119.23,2107744
2023-01-06,SWK,81.07,81.59,77.85,79.46,2619658
2023-01-06,APPN,31.64,32.03,29.8,31.77,364345
2023-01-06,W,37.99,38.12,34.11,36.43,3603595
2023-01-06,SNAP,9.22,9.445,8.9,9.22,24456909
2023-01-05,BABA,104.58,105.7,100.6401,101.4,30400384
2023-01-05,ETSY,119.56,120.52,114.95,116.29,2744246
2023-01-05,SWK,78.64,79.1,76.71,77.97,1752980
2023-01-05,APPN,31.74,32.45,30.55,31.68,466666
2023-01-05,W,35.45,35.78,34.0,34.65,2869540
2023-01-05,SNAP,9.14,9.37,8.92,9.15,21043997
2023-01-04,BABA,103.92,104.52,96.97,98.85,53291751
2023-01-04,ETSY,117.11,119.0,113.56,116.78,3551287
2023-01-04,SWK,78.6,79.6,77.152,77.51,1980019
2023-01-04,APPN,32.24,33.015,31.94,32.89,281830
2023-01-04,W,35.89,36.1,32.92,33.78,5880996
2023-01-04,SNAP,9.3,9.31,9.0,9.15,26092702
2023-01-03,BABA,91.98,94.45,90.75,91.11,27891043
2023-01-03,ETSY,113.56,122.41,111.83,121.51,3409690
2023-01-03,SWK,76.19,77.0,74.4,76.32,1574662
2023-01-03,APPN,32.4,33.81,31.72,33.4,455427
2023-01-03,W,32.76,35.05,31.53,33.87,3982496
2023-01-03,SNAP,8.85,9.28,8.69,9.15,15548377
